Stimulus,descriptors
-69,['spicy']
-68,['cinnamon']
-67,"['nutty', 'ethereal', 'sweet']"
-66,"['fruity', 'sweet']"
-65,"['meaty', 'sulfurous', 'vegetable']"
-64,"['minty', 'camphoraceous']"
-63,['violet']
-62,"['cherry', 'strawberry']"
-61,"['clove', 'woody', 'spicy']"
-60,['camphoraceous']
-59,"['musty', 'medicinal']"
-58,"['apple', 'herbaceous', 'woody', 'nutty']"
-57,"['sweet', 'fruity']"
-56,['ethereal']
-55,['spicy']
-54,['herbaceous']
-53,"['cinnamon', 'fruity', 'sweet', 'vanilla', 'herbaceous', 'woody']"
-52,['tobacco']
-51,"['fruity', 'wine-like']"
-50,['lemon']
-49,"['caraway', 'warm', 'spicy']"
-48,"['cinnamon', 'citrus', 'herbaceous', 'sweet']"
-47,"['coumarin', 'sweet', 'rich', 'warm']"
-46,"['meaty', 'alliaceous (onion, garlic)']"
-45,"['minty', 'herbaceous']"
-44,['herbaceous']
-43,"['berry', 'green', 'woody', 'minty', 'vanilla']"
-42,"['berry', 'lemon', 'sweet', 'vegetable']"
-41,['herbaceous']
-40,"['chocolate', 'grape', 'woody', 'wine-like']"
-39,"['floral', 'vanilla']"
-38,"['berry', 'fruity', 'green']"
-37,"['honey', 'floral', 'rose']"
-36,['berry']
-35,"['spicy', 'woody']"
-34,"['berry', 'herbaceous', 'pineapple', 'pepper', 'spicy', 'woody', 'wine-like']"
-33,['pepper']
-32,['lime']
-31,['wine-like']
-30,"['alcohol', 'butter', 'cheese', 'ethereal']"
-29,"['sweet', 'honey']"
-28,"['lemon', 'herbaceous', 'citrus', 'woody']"
-27,"['sulfurous', 'alliaceous (onion, garlic)']"
-26,"['minty', 'camphoraceous', 'tobacco']"
-25,['rose']
-24,"['rich', 'honey']"
-23,"['lemon', 'citrus']"
-22,['woody']
-21,"['sweet', 'spicy']"
-20,"['apricot', 'peach']"
-19,"['berry', 'grape', 'orange', 'fruity', 'citrus']"
-18,['woody']
-17,"['orange', 'sweet']"
-16,"['apple', 'apricot', 'blossom', 'chocolate']"
-15,['balsam']
-14,"['cinnamon', 'clove', 'spicy']"
-13,"['musty', 'floral', 'wine-like']"
-12,"['floral', 'woody']"
-11,['coconut']
-10,"['cheese', 'horseradish', 'earthy', 'alliaceous (onion, garlic)', 'spicy']"
-9,"['sweet', 'warm', 'rich']"
-8,"['apple', 'berry', 'cranberry', 'honey', 'citrus']"
-7,['floral']
-6,"['berry', 'honey', 'lime', 'vanilla', 'minty']"
-5,"['fruity', 'sweet']"
-4,"['apple', 'lavender', 'lime', 'herbaceous']"
-3,"['herbaceous', 'sweet']"
-2,"['apple', 'apricot', 'berry', 'rose', 'sweet']"
-1,"['lavender', 'spicy']"
58,"['caramel', 'creamy']"
107,"['rose', 'sweet']"
126,"['lily', 'sweet']"
135,['caramel']
176,"['apple', 'ethereal']"
177,['ethereal']
240,['almond']
240,"['almond', 'cherry', 'sweet']"
243,['balsam']
244,"['berry', 'cherry', 'grapefruit', 'citrus', 'walnut']"
261,"['apple', 'chocolate', 'creamy', 'ethereal']"
263,"['medicinal', 'vanilla']"
264,['cheese']
311,"['cherry', 'lemon', 'green', 'rose', 'sweet']"
313,"['almond', 'cherry', 'chocolate', 'cinnamon']"
323,"['fruity', 'rose']"
325,['floral']
326,"['oily', 'woody']"
332,"['apple', 'spicy', 'peanut', 'wine-like']"
338,"['jasmine', 'animal']"
342,"['woody', 'ethereal', 'medicinal']"
379,['oily']
454,"['honey', 'fruity', 'fatty', 'citrus']"
460,"['medicinal', 'woody', 'smoky']"
527,"['almond', 'apple', 'banana', 'cheese']"
660,"['almond', 'coconut', 'creamy', 'herbaceous', 'sweet', 'vanilla', 'nutty', 'tobacco']"
679,"['butter', 'alliaceous (onion, garlic)']"
798,"['butter', 'cheese', 'chocolate', 'grape']"
880,['caramel']
957,"['citrus', 'fatty', 'woody', 'waxy']"
996,"['honey', 'rose']"
997,"['chocolate', 'fennel', 'herbaceous', 'minty']"
998,"['apple', 'berry', 'cherry', 'chocolate']"
999,"['honey', 'floral', 'green', 'sweet']"
1030,"['cheese', 'wine-like']"
1031,"['alcohol', 'apple', 'musty', 'fruity', 'peanut']"
1032,['cherry']
1049,"['sour', 'fishy']"
1060,"['caramel', 'creamy', 'vegetable', 'meaty']"
1068,"['sulfurous', 'vegetable']"
1136,"['nutty', 'meaty']"
1145,['walnut']
1146,"['oily', 'meaty', 'fishy']"
1183,"['caramel', 'chocolate', 'sweet', 'vanilla']"
1254,"['minty', 'woody', 'camphoraceous']"
1491,['spicy']
2214,['vanilla']
2346,['cabbage']
2519,['vanilla']
2537,"['floral', 'woody']"
2758,"['citrus', 'herbaceous', 'fruity', 'sweet']"
2879,['medicinal']
2969,"['fatty', 'citrus']"
3593,"['floral', 'waxy']"
3776,['butter']
3893,['fatty']
4133,"['spicy', 'minty', 'sweet']"
4133,['vanilla']
4133,"['floral', 'sweet']"
4947,"['herbaceous', 'green', 'earthy', 'alliaceous']"
5281,"['balsam', 'berry', 'nutty', 'spicy', 'fishy']"
5541,"['wine-like', 'herbaceous', 'sweet']"
5610,"['orange', 'fatty', 'rose', 'waxy']"
5634,"['woody', 'sweet']"
5962,['chocolate']
5971,"['apple', 'cherry', 'wine-like', 'fruity']"
6050,"['caramel', 'creamy', 'fatty']"
6054,"['honey', 'rose']"
6140,['sweet']
6202,['sour']
6276,"['sweet', 'vanilla']"
6287,"['chocolate', 'creamy', 'grape', 'nutty']"
6306,['vanilla']
6341,"['blossom', 'grape', 'sweet']"
6364,"['meaty', 'sulfurous', 'alliaceous (onion, garlic)']"
6493,"['green', 'fruity']"
6501,"['strawberry', 'sweet']"
6544,"['berry', 'woody', 'herbaceous', 'nutty']"
6558,"['sweet', 'vegetable']"
6560,"['fruity', 'wine-like']"
6561,['banana']
6584,"['ethereal', 'sweet']"
6590,"['butter', 'strawberry']"
6669,"['anise', 'grape', 'fruity', 'herbaceous']"
6781,"['hazelnut', 'meaty', 'earthy']"
6826,"['blossom', 'grape', 'orange']"
6873,"['green', 'vegetable']"
6912,['floral']
6915,"['berry', 'caramel', 'sour']"
6943,['medicinal']
6989,"['woody', 'fruity', 'sweet', 'minty', 'earthy']"
6998,"['almond', 'spicy']"
7002,['earthy']
7017,"['chocolate', 'floral', 'earthy']"
7043,"['creamy', 'vanilla']"
7058,"['orange', 'sweet']"
7092,"['anise', 'coconut', 'creamy', 'herbaceous']"
7095,"['geranium', 'green']"
7119,"['floral', 'strawberry', 'sweet']"
7122,"['berry', 'blossom', 'coconut', 'grape']"
7129,['grape']
7136,"['balsam', 'clove', 'fruity', 'sweet']"
7146,['floral']
7147,"['balsam', 'floral', 'sweet']"
7151,"['herbaceous', 'tobacco']"
7165,"['anise', 'banana', 'berry', 'cherry', 'grape']"
7175,"['woody', 'floral', 'sweet', 'herbaceous']"
7184,['herbaceous']
7193,['sweet']
7194,"['honey', 'rose']"
7222,"['apple', 'apricot', 'cherry', 'jasmine', 'floral']"
7225,"['almond', 'musty', 'vanilla']"
7249,"['cucumber', 'green', 'violet']"
7276,['sour']
7284,"['chocolate', 'coffee']"
7288,"['apple', 'orange', 'green', 'vegetable']"
7304,"['woody', 'smoky', 'herbaceous']"
7334,"['wine-like', 'herbaceous', 'ethereal']"
7335,"['minty', 'green']"
7341,"['cheese', 'sour']"
7342,"['citrus', 'strawberry']"
7344,"['butter', 'fruity']"
7351,"['grape', 'ethereal']"
7353,"['apple', 'banana']"
7361,['grape']
7362,"['almond', 'woody', 'sweet']"
7363,"['caramel', 'chocolate', 'oily', 'nutty']"
7393,"['honey', 'rose']"
7409,['hyacinth']
7410,"['almond', 'hawthorne', 'sweet', 'floral']"
7413,"['fruity', 'fatty']"
7460,"['minty', 'herbaceous']"
7461,"['herbaceous', 'citrus']"
7463,['citrus']
7476,"['butter', 'caramel', 'nutty', 'fruity', 'sweet']"
7501,"['medicinal', 'plastic']"
7509,['meaty']
7531,"['apple', 'banana', 'strawberry']"
7559,"['honey', 'jasmine', 'sweet']"
7590,"['anise', 'apple', 'apricot', 'cherry', 'chocolate', 'grapefruit', 'honey', 'melon', 'waxy', 'pineapple']"
7593,"['plastic', 'seedy']"
7601,"['apricot', 'hyacinth', 'floral', 'fruity', 'rose']"
7635,['spicy']
7646,"['jasmine', 'fruity']"
7650,"['apricot', 'berry', 'butter', 'cheese', 'jasmine', 'fruity', 'peach', 'pear', 'plum']"
7651,"['apple', 'herbaceous', 'pineapple']"
7654,"['apple', 'apricot', 'caramel', 'grape', 'honey', 'melon', 'citrus', 'fruity', 'pineapple', 'rose', 'sweet']"
7655,"['fruity', 'rose']"
7657,"['almond', 'chocolate', 'fruity', 'spicy']"
7658,"['grape', 'floral', 'strawberry', 'sweet']"
7662,"['balsam', 'fruity', 'sweet']"
7695,"['almond', 'cherry', 'coumarin', 'creamy']"
7704,"['coconut', 'creamy', 'herbaceous', 'peach']"
7708,"['apricot', 'floral', 'fruity', 'meaty', 'pineapple', 'sweet']"
7710,"['anise', 'coconut', 'fatty', 'herbaceous']"
7711,"['floral', 'green', 'herbaceous', 'rose']"
7714,"['musty', 'peach', 'sweet', 'earthy']"
7731,"['cedar', 'sweet', 'vanilla', 'camphoraceous']"
7738,"['caramel', 'chocolate', 'hyacinth', 'floral']"
7755,"['berry', 'creamy', 'herbaceous']"
7761,['fruity']
7762,"['banana', 'ethereal', 'pineapple']"
7765,"['honey', 'floral', 'green', 'tart']"
7768,"['sweet', 'warm']"
7770,"['apple', 'creamy', 'honey', 'wine-like', 'waxy']"
7771,"['medicinal', 'sweet']"
7772,"['apple', 'pear']"
7775,"['apple', 'chocolate', 'pineapple', 'sweet']"
7778,"['apricot', 'honey', 'peach', 'plum', 'rose']"
7793,"['lemon', 'citrus', 'rose']"
7794,['lemon']
7795,"['apricot', 'banana', 'pineapple']"
7797,"['berry', 'melon', 'peach', 'pineapple', 'plum']"
7798,['butter']
7799,"['apricot', 'floral', 'pear', 'pineapple']"
7800,"['green', 'fruity', 'floral']"
7802,"['ethereal', 'fatty', 'green', 'fruity', 'sweet']"
7803,"['oily', 'fruity', 'wine-like']"
7824,"['ethereal', 'pineapple']"
7826,"['berry', 'green']"
7848,"['vegetable', 'sulfurous', 'alliaceous']"
7852,"['anise', 'herbaceous']"
7865,"['butter', 'coconut', 'coffee', 'meaty']"
7895,"['alcohol', 'apple', 'banana', 'cheese']"
7909,"['fruity', 'spicy', 'ethereal']"
7921,"['anise', 'herbaceous']"
7937,"['green', 'coffee', 'nutty']"
7938,"['meaty', 'nutty', 'coffee']"
7967,"['musty', 'fatty', 'fruity', 'sweet']"
7981,"['apple', 'ethereal', 'peach']"
7991,"['animal', 'earthy']"
7997,['celery']
8007,"['meaty', 'fishy']"
8025,"['fruity', 'ethereal', 'sweet', 'wine-like']"
8026,"['oily', 'fruity', 'nutty']"
8038,"['apple', 'banana', 'ethereal', 'pear', 'pineapple', 'sweet']"
8042,"['cheese', 'cherry', 'cinnamon', 'waxy']"
8048,"['grape', 'oily', 'pear']"
8049,"['melon', 'wine-like', 'quince']"
8051,"['banana', 'cinnamon', 'spicy', 'fruity']"
8052,['plum']
8060,['pineapple']
8073,"['berry', 'ethereal', 'green', 'sweet']"
8077,['fruity']
8092,"['green', 'vegetable', 'violet']"
8093,"['green', 'herbaceous', 'floral', 'fruity']"
8103,"['green', 'herbaceous', 'woody', 'sweet']"
8122,['waxy']
8125,"['cheese', 'creamy', 'earthy', 'herbaceous']"
8129,"['apple', 'apricot', 'coconut', 'musty', 'oily']"
8130,"['oily', 'fruity', 'woody', 'fatty', 'nutty']"
8137,"['peach', 'violet']"
8138,"['banana', 'honey', 'oily', 'citrus', 'rose']"
8139,"['coconut', 'creamy', 'soapy', 'waxy']"
8158,"['cheese', 'waxy']"
8163,"['iris', 'citrus']"
8164,"['jasmine', 'herbaceous', 'fruity']"
8167,"['orange', 'pineapple', 'rose']"
8169,"['apple', 'fatty', 'plum']"
8174,"['fatty', 'waxy', 'fruity', 'rose']"
8176,"['orange', 'citrus', 'fruity', 'rose']"
8184,"['grape', 'lemon', 'lime', 'green', 'sweet']"
8193,"['coconut', 'honey', 'fatty', 'earthy', 'soapy']"
8194,"['herbaceous', 'waxy', 'floral', 'sweet']"
8201,['oily']
8205,"['citrus', 'rose']"
8257,"['oily', 'earthy', 'herbaceous']"
8294,"['floral', 'fruity', 'pear', 'sweet']"
8299,"['hawthorne', 'herbaceous', 'sweet']"
8314,"['apple', 'apricot', 'cheese', 'chocolate']"
8347,['sweet']
8365,"['floral', 'fruity', 'minty', 'sweet']"
8369,"['caramel', 'jam']"
8438,"['almond', 'anise', 'balsam', 'berry', 'cherry']"
8452,"['fatty', 'citrus', 'meaty']"
8456,"['apple', 'banana', 'berry', 'peach', 'pear']"
8467,"['sweet', 'vanilla']"
8469,"['caramel', 'strawberry']"
8499,"['anise', 'chocolate', 'creamy', 'melon']"
8500,"['hawthorne', 'fruity']"
8615,"['chocolate', 'honey', 'iris', 'fruity', 'rose']"
8635,"['chocolate', 'grape', 'grapefruit', 'jasmine']"
8658,"['floral', 'sweet']"
8697,"['oily', 'rose', 'sweet']"
8763,"['berry', 'citrus', 'earthy', 'sulfurous', 'minty']"
8792,"['fruity', 'rose']"
8797,['anise']
8815,"['alcohol', 'herbaceous', 'minty', 'green']"
8821,['fruity']
8834,"['fruity', 'rose']"
8842,"['geranium', 'rose']"
8857,"['anise', 'ethereal', 'pineapple']"
8858,"['vegetable', 'vanilla']"
8863,"['floral', 'green']"
8868,"['fruity', 'ethereal']"
8878,"['apricot', 'banana', 'berry', 'pineapple']"
8892,"['cheese', 'fatty', 'sour']"
8907,['berry']
8908,"['apple', 'cherry', 'floral', 'pear', 'sweet']"
8914,"['citrus', 'rose']"
8918,"['gardenia', 'soapy', 'fruity']"
9012,"['earthy', 'smoky', 'green']"
9016,"['fennel', 'fatty']"
9020,"['alliaceous (onion, garlic)', 'fishy']"
9024,"['fruity', 'floral', 'pear']"
9025,"['coconut', 'hazelnut', 'earthy']"
9256,['nutty']
9261,['wine-like']
9589,"['nutty', 'sweet']"
9609,"['fruity', 'wine-like']"
10285,"['coffee', 'nutty']"
10315,"['cherry', 'vanilla']"
10351,"['butterscotch', 'horseradish', 'tropical']"
10430,"['cheese', 'animal']"
10448,"['alliaceous (onion, garlic)', 'meaty']"
10453,"['banana', 'fruity', 'sweet', 'ethereal']"
10484,"['cheese', 'nutty', 'meaty', 'coffee', 'earthy']"
10560,['ethereal']
10722,['cherry']
10748,"['horseradish', 'earthy', 'green', 'peanut']"
10795,"['smoky', 'meaty']"
10823,"['caramel', 'musty', 'smoky', 'peanut']"
10882,['apple']
10883,"['apple', 'ethereal', 'pineapple', 'sweet']"
10885,"['fruity', 'ethereal']"
10890,"['banana', 'cherry', 'pineapple']"
10895,['floral']
10934,"['coffee', 'meaty']"
10976,"['oily', 'earthy']"
11005,"['oily', 'waxy']"
11039,"['fruity', 'floral']"
11086,['sulfurous']
11167,['apple']
11173,"['green', 'fruity']"
11230,"['grapefruit', 'lemon', 'lime', 'pepper', 'herbaceous', 'spicy', 'woody']"
11335,['medicinal']
11340,"['almond', 'cherry']"
11363,"['butter', 'medicinal', 'green', 'vegetable']"
11463,['plastic']
11508,"['chocolate', 'wine-like', 'green']"
11509,"['grape', 'earthy', 'ethereal', 'wine-like']"
11520,"['banana', 'butter', 'herbaceous', 'meaty']"
11525,"['caramel', 'cherry', 'nutty', 'medicinal']"
11527,"['melon', 'musty', 'oily', 'herbaceous', 'nutty']"
11529,"['banana', 'ethereal']"
11552,"['fruity', 'peach', 'sour']"
11559,"['oily', 'nutty']"
11569,"['almond', 'anise', 'berry', 'cherry', 'chocolate', 'cinnamon', 'creamy', 'hawthorne', 'fruity', 'herba-']"
11617,"['horseradish', 'green', 'alliaceous (onion, garlic)']"
11902,['berry']
11980,"['floral', 'plum']"
12020,"['butter', 'horseradish', 'green']"
12041,"['green', 'vegetable', 'balsamic']"
12097,"['almond', 'caramel', 'spicy', 'sweet']"
12150,"['meaty', 'nutty']"
12180,"['apple', 'ethereal']"
12232,['vegetable']
12257,"['oily', 'pineapple', 'sweet', 'ethereal', 'green']"
12266,"['ethereal', 'fruity', 'vanilla']"
12294,"['fruity', 'wine-like']"
12297,"['alcohol', 'ethereal', 'medicinal']"
12348,"['banana', 'ethereal', 'earthy']"
12366,['waxy']
12367,"['melon', 'fatty', 'green']"
12506,"['honey', 'maple']"
12514,"['meaty', 'alliaceous (onion, garlic)']"
12529,"['ethereal', 'fruity', 'earthy']"
12571,['pineapple']
12587,['cheese']
12613,"['apple', 'apricot', 'mango', 'sweet']"
12741,"['orange', 'floral', 'fatty', 'green']"
12748,"['nutty', 'green']"
12810,"['butter', 'coconut', 'creamy', 'fruity', 'peach']"
12844,"['butter', 'cheese', 'coconut', 'creamy', 'oily']"
12988,"['banana', 'peanut']"
13187,"['cheese', 'coconut', 'oily', 'fatty', 'herbaceous', 'floral', 'fruity', 'fishy', 'soapy', 'waxy']"
13204,"['fatty', 'green']"
13216,['peach']
13357,"['apple', 'sweet']"
13436,"['earthy', 'sulfurous']"
13561,"['pineapple', 'green']"
14079,['walnut']
14104,"['chocolate', 'musty', 'herbaceous', 'nutty']"
14228,"['vegetable', 'green']"
14257,['oily']
14286,['oily']
14296,"['chocolate', 'musty', 'coffee']"
14328,"['floral', 'woody', 'sweet']"
14475,"['butter', 'cheese', 'creamy']"
14491,"['fatty', 'meaty']"
14493,"['meaty', 'sulfurous']"
14505,"['almond', 'beef', 'caramel', 'musty', 'coffee']"
14514,['nutty']
14925,"['wine-like', 'plum', 'sweet']"
15037,"['vegetable', 'earthy', 'green']"
15394,['vegetable']
15406,"['anise', 'sweet', 'spicy']"
15422,['sour']
15448,"['butter', 'spicy']"
15510,"['meaty', 'vegetable', 'alliaceous (onion, garlic)']"
15606,"['coconut', 'nutty', 'wine-like']"
15717,"['honey', 'sweet']"
15877,"['green', 'fruity']"
16237,"['ethereal', 'fruity', 'wine-like']"
16255,"['apple', 'coconut', 'green', 'waxy', 'fruity']"
16330,"['green', 'herbaceous', 'alliaceous (onion, garlic)']"
16331,['fruity']
16537,"['citrus', 'floral', 'sweet']"
16590,"['green', 'alliaceous (onion, garlic)']"
16592,"['alliaceous (onion, garlic)']"
16724,['caraway']
16741,['hyacinth']
16800,"['melon', 'vegetable', 'green']"
16867,"['musty', 'meaty', 'sulfurous']"
16872,"['grape', 'wine-like']"
16925,"['fatty', 'smoky']"
17008,"['pineapple', 'sweet']"
17016,['beef']
17121,['lavender']
17129,['apple']
17356,"['berry', 'musty', 'green', 'alliaceous']"
17525,"['apricot', 'pineapple', 'sweet']"
17617,"['waxy', 'pineapple', 'sweet', 'sweet']"
17691,"['oily', 'wine-like', 'fruity']"
17739,"['anise', 'apricot', 'clove', 'oily', 'spicy', 'floral']"
17898,['almond']
18467,"['chocolate', 'nutty']"
18522,['butter']
18554,"['coffee', 'ethereal', 'sweet']"
18635,"['beef', 'cheese', 'creamy', 'oily', 'fruity']"
18698,"['apricot', 'butter', 'nutty', 'sweet', 'meaty']"
18756,"['green', 'fatty', 'vegetable']"
18938,"['oily', 'herbaceous']"
19309,"['almond', 'caramel', 'grape', 'meaty']"
19602,"['green', 'vegetable']"
19707,"['butter', 'creamy', 'oily', 'sweet']"
19844,"['chocolate', 'nutty']"
20083,"['oily', 'earthy']"
20219,"['banana', 'butter', 'fatty', 'pineapple']"
20499,['meaty']
20653,['pineapple']
20928,"['banana', 'ethereal', 'wine-like']"
21057,"['apricot', 'oily', 'citrus', 'pear', 'woody']"
21059,['caramel']
21574,['earthy']
21596,"['apple', 'marigold', 'herbaceous']"
21648,"['fruity', 'raspberry', 'sweet']"
22311,"['geranium', 'green']"
22629,"['fruity', 'green']"
22873,"['herbaceous', 'fruity', 'green', 'vegetable']"
23347,['earthy']
23642,"['caramel', 'coffee', 'smoky']"
24114,"['butter', 'cheese', 'coconut', 'creamy']"
24116,"['apricot', 'peach']"
24117,"['honey', 'pineapple', 'sweet']"
24473,"['herbaceous', 'minty']"
24513,"['floral', 'citrus', 'herbaceous', 'wine-like']"
24838,"['fruity', 'green']"
24874,"['plum', 'sweet']"
24915,"['herbaceous', 'plum']"
25311,"['spicy', 'herbaceous']"
25611,"['oily', 'herbaceous', 'green']"
26331,"['butter', 'musty', 'woody', 'nutty']"
26333,['apple']
26334,"['almond', 'beef', 'caramel', 'cheese', 'corn']"
26447,"['berry', 'minty', 'fruity', 'peach', 'raspberry']"
26808,"['chocolate', 'hazelnut']"
27457,"['hazelnut', 'earthy', 'potato']"
27892,"['butter', 'musty', 'strawberry', 'fishy', 'animal', 'vegetable', 'waxy', 'earthy']"
28905,"['hazelnut', 'vegetable', 'meaty']"
29096,"['butter', 'meaty', 'alliaceous (onion, garlic)']"
30215,"['beef', 'chocolate']"
30248,"['medicinal', 'minty', 'vanilla']"
31211,"['clove', 'creamy', 'spicy', 'sweet', 'animal']"
31219,"['apple', 'banana', 'berry', 'jam', 'jasmine']"
31225,"['rose', 'sweet']"
31226,"['floral', 'spicy', 'fruity', 'sweet']"
31234,"['balsam', 'hyacinth', 'floral', 'sweet']"
31242,"['alcohol', 'medicinal']"
31246,"['apple', 'banana', 'cheese', 'nutty', 'peanut']"
31249,"['apple', 'apricot', 'chocolate', 'cranberry']"
31252,"['meaty', 'nutty', 'medicinal', 'woody']"
31260,"['oily', 'whiskey']"
31265,"['apple', 'banana', 'pineapple', 'wine-like']"
31266,"['fatty', 'pineapple']"
31268,['animal']
31272,"['banana', 'fruity', 'sweet', 'green']"
31276,"['banana', 'pear']"
31283,"['waxy', 'soapy']"
31284,"['honey', 'fatty']"
31289,"['apple', 'coconut', 'grape', 'grapefruit']"
31353,"['gardenia', 'jasmine']"
31954,"['apple', 'apricot', 'berry', 'cherry', 'chocolate', 'grape', 'grapefruit', 'honey', 'hyacinth', 'lemon']"
32065,"['earthy', 'peanut']"
32093,"['chocolate', 'nutty', 'vegetable']"
32594,"['green', 'pepper', 'vegetable']"
33032,['sweet']
33135,"['apple', 'green', 'plum']"
33637,"['floral', 'earthy', 'walnut']"
33931,"['caramel', 'fruity']"
33960,"['almond', 'coconut', 'mushroom', 'sweet']"
38679,"['carnation', 'cheese', 'chocolate', 'clove']"
47649,"['chocolate', 'fatty', 'peanut', 'sulfurous']"
60979,"['anise', 'fruity']"
60983,"['apple', 'berry', 'butter', 'cheese', 'oily']"
60985,"['fruity', 'rose']"
60995,"['hyacinth', 'green', 'spicy']"
60997,['hyacinth']
60998,"['chocolate', 'honey', 'musty', 'waxy']"
60999,"['honey', 'floral', 'sweet']"
61007,"['cherry', 'floral', 'raspberry', 'sweet']"
61015,['oily']
61016,"['cantaloupe', 'cucumber', 'grapefruit']"
61020,"['balsam', 'spicy']"
61024,"['creamy', 'earthy', 'soapy', 'woody', 'green']"
61027,"['butter', 'wine-like']"
61030,"['musty', 'citrus', 'green', 'fruity']"
61040,"['green', 'herbaceous', 'citrus', 'woody']"
61045,['sulfurous']
61048,"['chocolate', 'floral', 'rose']"
61052,['floral']
61054,"['floral', 'sweet']"
61096,['waxy']
61098,"['herbaceous', 'pear', 'sweet']"
61137,"['apple', 'ethereal', 'raspberry']"
61151,"['hyacinth', 'herbaceous']"
61155,"['musty', 'woody', 'walnut']"
61166,"['floral', 'spicy']"
61171,"['coffee', 'alliaceous (onion, garlic)']"
61183,"['geranium', 'honey', 'raspberry', 'green']"
61184,"['creamy', 'pineapple', 'sweet', 'waxy']"
61185,"['wine-like', 'sweet']"
61192,['meaty']
61199,"['caramel', 'maple']"
61200,"['butter', 'caramel', 'musty']"
61204,"['butter', 'coconut', 'waxy']"
61209,"['caramel', 'maple', 'smoky', 'nutty', 'coffee']"
61229,"['balsam', 'floral']"
61235,"['cheese', 'herbaceous', 'fruity', 'green']"
61282,"['meaty', 'coffee', 'alliaceous (onion, garlic)']"
61293,"['grape', 'citrus', 'smoky']"
61294,"['coconut', 'oily', 'fruity', 'sweet']"
61319,"['apple', 'apricot', 'ethereal']"
61331,"['smoky', 'meaty']"
61334,"['berry', 'sweet', 'fruity']"
61337,"['caramel', 'fruity']"
61341,"['almond', 'cheese', 'cherry', 'floral', 'pineapple', 'strawberry', 'sweet']"
61375,"['banana', 'pineapple', 'sweet']"
61384,"['banana', 'green', 'rose']"
61386,"['beer', 'brandy', 'creamy', 'grape', 'winelike', 'waxy', 'plum', 'rum']"
61400,"['floral', 'woody', 'sweet']"
61403,"['leafy', 'herbaceous', 'green', 'ethereal']"
61408,"['oily', 'ethereal', 'fruity']"
61416,"['honey', 'herbaceous', 'rose']"
61417,"['floral', 'fruity', 'vanilla']"
61448,"['apricot', 'banana', 'musty', 'oily', 'fruity']"
61450,"['green', 'pineapple']"
61455,['apple']
61466,"['peach', 'pear', 'sweet']"
61523,"['carnation', 'medicinal']"
61527,"['meaty', 'nutty']"
61592,"['citrus', 'pineapple']"
61631,['melon']
61633,"['anise', 'herbaceous']"
61634,"['coffee', 'sweet']"
61641,"['fruity', 'sulfurous']"
61653,"['chocolate', 'hazelnut', 'coffee']"
61658,['berry']
61660,"['coffee', 'alliaceous (onion, garlic)']"
61663,['cherry']
61664,"['butter', 'balsamic']"
61743,"['cheese', 'fruity', 'vegetable', 'waxy', 'earthy']"
61771,"['musty', 'woody', 'vanilla', 'spicy', 'green']"
61808,"['earthy', 'meaty', 'nutty', 'green']"
61812,"['chocolate', 'fruity']"
61814,"['almond', 'cherry', 'spicy', 'sweet']"
61840,"['fatty', 'fruity', 'green']"
61845,['potato']
61918,"['oily', 'nutty', 'meaty', 'vegetable']"
61922,"['fruity', 'sweet']"
61955,"['musty', 'fruity']"
61982,['berry']
61995,"['coffee', 'sweet', 'alliaceous (onion, garlic)']"
62003,['meaty']
62013,['fruity']
62024,"['banana', 'green']"
62089,"['cheese', 'musty', 'mossy', 'green', 'plastic']"
62105,"['alliaceous (onion, garlic)', 'meaty']"
62128,['sulfurous']
62131,"['caramel', 'nutty', 'fruity', 'coffee', 'vegetable', 'fishy', 'meaty', 'alliaceous (onion, garlic)']"
62161,"['oily', 'green']"
62321,['banana']
62326,['meaty']
62328,"['coconut', 'herbaceous']"
62332,"['balsam', 'carnation', 'hyacinth', 'rose']"
62334,"['woody', 'citrus', 'fruity']"
62336,"['spicy', 'earthy', 'walnut']"
62341,"['apple', 'apricot', 'gardenia', 'green']"
62348,['anise']
62351,"['vegetable', 'alliaceous (onion, garlic)']"
62374,"['musty', 'woody', 'sweet']"
62375,"['nutty', 'floral']"
62378,"['green', 'floral', 'fruity']"
62385,"['fruity', 'wine-like']"
62444,"['cheese', 'musty', 'vegetable', 'animal']"
62445,"['apple', 'fatty', 'sweet', 'waxy', 'minty', 'winelike', 'soapy', 'herbaceous']"
62465,"['smoky', 'meaty']"
62510,"['nutty', 'meaty']"
62539,"['caramel', 'creamy', 'coffee']"
62553,"['honey', 'wine-like', 'ethereal', 'rose']"
62572,"['grape', 'sweet']"
62578,"['plum', 'raspberry', 'strawberry']"
62580,"['berry', 'jam']"
62583,"['waxy', 'floral', 'citrus', 'sweet']"
62592,"['green', 'sweet']"
62661,"['musty', 'herbaceous', 'green', 'floral']"
62835,"['caramel', 'celery', 'maple', 'seedy', 'nutty']"
62900,"['coconut', 'green']"
62902,['pineapple']
62907,['apple']
64805,"['herbaceous', 'floral']"
65413,"['melon', 'green', 'spicy', 'earthy', 'vegetable', 'pepper']"
69320,"['green', 'minty', 'floral']"
69460,['cheese']
74008,"['oily', 'fatty']"
74096,"['fatty', 'sweet']"
76654,"['apricot', 'berry', 'grape', 'honey', 'oily']"
78006,"['berry', 'creamy']"
78120,"['fruity', 'ethereal', 'green']"
78126,['floral']
78199,"['apricot', 'sweet', 'vegetable', 'coffee']"
78435,['fruity']
78925,"['creamy', 'sulfurous', 'alliaceous (onion, garlic)']"
79148,['meaty']
79406,"['caramel', 'creamy', 'vanilla']"
82227,['turpentine']
82229,"['sweet', 'vanilla']"
85224,['nutty']
85522,"['cheese', 'nutty', 'sulfurous', 'meaty']"
86733,"['apple', 'creamy', 'musty', 'pineapple']"
86751,['vegetable']
88301,"['berry', 'medicinal', 'woody', 'minty', 'vanilla']"
88454,"['apple', 'apricot', 'cheese', 'creamy', 'melon', 'musty', 'oily', 'fruity', 'floral', 'green', 'fatty', 'pear']"
90984,"['grapefruit', 'citrus', 'sulfurous']"
91497,"['herbaceous', 'sweet']"
92874,"['minty', 'spicy', 'vanilla']"
93009,"['woody', 'sweet']"
93009,['minty']
94349,"['cherry', 'creamy', 'minty', 'sweet']"
95392,"['musty', 'sweet']"
98218,['medicinal']
98330,"['meaty', 'sulfurous']"
101010,"['tropical', 'green']"
101989,"['anise', 'spicy', 'sweet']"
102861,"['jasmine', 'sweet']"
103034,"['almond', 'green', 'coffee', 'meaty']"
103404,"['almond', 'earthy', 'pineapple']"
103589,"['green', 'fruity']"
104721,"['caramel', 'hazelnut']"
106997,"['berry', 'lime', 'earthy', 'vanilla']"
107217,['sweet']
108765,['meaty']
111037,"['herbaceous', 'spicy', 'citrus']"
145742,['meaty']
159055,"['medicinal', 'woody', 'vanilla']"
161875,"['spicy', 'sweet']"
169110,"['fruity', 'sweet']"
170833,['minty']
219672,"['woody', 'spicy', 'sweet']"
220674,"['berry', 'mango', 'melon', 'oily', 'orange']"
226486,['meaty']
228604,"['oily', 'wine-like', 'ethereal', 'fruity']"
228769,"['honey', 'rose']"
229385,"['ethereal', 'fruity', 'wine-like']"
229387,"['waxy', 'fatty', 'citrus']"
229888,"['fruity', 'green', 'floral']"
234237,"['jasmine', 'herbaceous']"
238498,"['berry', 'green', 'mossy']"
240119,"['apple', 'fruity', 'sage', 'sweet']"
240925,"['anise', 'apricot', 'banana', 'chocolate']"
243783,"['apple', 'pineapple']"
246728,"['banana', 'berry', 'butter', 'cheese', 'musty']"
248488,"['meaty', 'sulfurous']"
251531,['musty']
287439,"['fruity', 'green', 'sweet']"
369312,"['green', 'fatty']"
429065,"['ethereal', 'wine-like']"
439250,"['herbaceous', 'minty', 'camphoraceous']"
439570,"['minty', 'herbaceous']"
440967,['woody']
441246,"['lemon', 'orange', 'floral', 'citrus', 'sweet']"
442495,"['cinnamon', 'lime', 'herbaceous', 'fruity']"
443158,"['floral', 'woody']"
443162,['lilac']
443314,"['floral', 'sweet', 'animal']"
443315,"['apple', 'lavender', 'green']"
444041,['jasmine']
444539,"['cinnamon', 'honey', 'spicy', 'floral', 'sweet']"
444972,['sour']
445070,"['anise', 'apricot', 'balsam', 'clove', 'grapefruit', 'oily', 'orange', 'floral', 'peach', 'pear']"
445639,['fatty']
445858,['banana']
459494,['woody']
494311,['sweet']
517827,"['floral', 'vegetable']"
518937,['coffee']
519382,['woody']
519539,"['chocolate', 'musty', 'herbaceous', 'nutty']"
519709,"['grape', 'meaty', 'vegetable', 'alliaceous']"
519786,"['apricot', 'honey']"
519890,"['hazelnut', 'fruity']"
519907,"['fruity', 'nutty']"
520098,"['green', 'vegetable', 'pepper']"
520108,"['chocolate', 'hazelnut', 'fruity', 'meaty']"
520148,"['floral', 'fruity']"
520191,['meaty']
520326,['fruity']
520567,"['plum', 'wine-like']"
521238,"['apple', 'minty', 'rose']"
522673,"['fatty', 'spicy', 'pepper']"
522674,"['caramel', 'coffee']"
522676,"['apricot', 'floral']"
528108,"['fruity', 'ethereal', 'sweet']"
529253,"['berry', 'cheese', 'sweet']"
537682,"['grape', 'green', 'floral', 'herbaceous']"
539829,"['almond', 'cherry', 'chocolate', 'creamy']"
540124,['chocolate']
543664,['fruity']
548353,"['alliaceous (onion, garlic)']"
549519,['cheese']
551316,"['cheese', 'pineapple']"
556940,"['meaty', 'coffee', 'animal']"
565690,"['fruity', 'woody', 'sweet']"
566940,"['musty', 'minty', 'earthy']"
570574,"['fruity', 'earthy']"
576240,"['floral', 'fruity']"
576263,"['apricot', 'sweet']"
578423,['apple']
595928,"['alliaceous (onion, garlic)']"
605629,"['creamy', 'hyacinth', 'jasmine', 'green']"
636687,"['vegetable', 'green']"
637511,"['cinnamon', 'clove', 'spicy']"
637511,"['cinnamon', 'clove', 'spicy', 'sweet', 'vanilla']"
637520,"['balsam', 'fruity', 'strawberry']"
637564,"['floral', 'citrus', 'green']"
637758,"['cinnamon', 'spicy', 'plum', 'sweet']"
637759,"['almond', 'anise', 'balsam', 'butter', 'cherry']"
637776,['spicy']
638011,['lemon']
638014,"['almond', 'balsam', 'berry', 'grape', 'jam']"
638024,"['pepper', 'animal']"
638122,"['butter', 'cheese', 'fruity']"
641248,['ethereal']
641294,"['cinnamon', 'creamy', 'fruity', 'spicy', 'floral']"
641298,"['spicy', 'floral', 'sweet']"
641423,"['balsam', 'peach']"
641834,"['sulfurous', 'meaty', 'alliaceous (onion, garlic)']"
643460,"['almond', 'apple', 'herbaceous', 'green']"
643731,"['green', 'waxy', 'violet', 'vegetable']"
643820,['citrus']
643941,"['apple', 'grape', 'lilac', 'orange', 'floral']"
764139,"['floral', 'spicy', 'sweet']"
778574,"['fruity', 'peach', 'sweet']"
853433,"['clove', 'sweet', 'woody', 'spicy']"
876160,"['carnation', 'rose', 'spicy']"
929336,['spicy']
1549018,"['jasmine', 'fruity']"
1549026,"['fruity', 'floral', 'rose', 'sweet']"
1549521,"['woody', 'spicy', 'nutty']"
1549778,"['apple', 'rose', 'green', 'woody', 'vegetable']"
1550470,"['fruity', 'ethereal']"
1550884,"['jasmine', 'lily', 'sweet']"
1550890,"['almond', 'balsam', 'berry', 'carnation']"
1551246,"['rose', 'sweet']"
1712058,"['jasmine', 'lily', 'sweet']"
1742210,"['cinnamon', 'sweet', 'woody', 'spicy']"
2724059,"['earthy', 'ethereal', 'fruity']"
2724159,"['cherry', 'oily', 'green']"
2733294,"['apple', 'banana', 'grape', 'fruity', 'peach']"
3034463,['balsam']
3321360,"['medicinal', 'camphoraceous', 'minty']"
3479589,['spicy']
3578033,"['fruity', 'vegetable']"
3591866,"['musty', 'animal']"
3734338,"['almond', 'sweet']"
4120025,"['caramel', 'grape', 'maple', 'mushroom']"
5084146,"['caramel', 'cherry', 'creamy', 'woody']"
5271566,"['banana', 'citrus']"
5273464,"['balsam', 'fruity']"
5273467,['chocolate']
5273469,"['apricot', 'cherry', 'chocolate', 'floral']"
5275520,"['lemon', 'rose', 'woody', 'wine-like']"
5280443,"['spicy', 'vanilla']"
5280450,"['cheese', 'fruity', 'vegetable', 'herbaceous', 'sweet', 'walnut', 'green', 'meaty', 'earthy']"
5281162,"['apple', 'creamy', 'wine-like', 'waxy']"
5281163,"['caramel', 'raspberry', 'fruity']"
5281167,['green']
5281168,"['almond', 'apple', 'green', 'plum', 'sweet']"
5281515,"['woody', 'spicy']"
5282108,"['berry', 'cherry', 'woody', 'raspberry', 'violet']"
5282109,"['green', 'fruity', 'rose', 'sweet']"
5282110,"['floral', 'balsamic']"
5282708,['cheese']
5282714,"['caramel', 'maple', 'smoky', 'nutty', 'coffee']"
5283316,"['apple', 'lemon', 'green', 'fatty', 'spicy']"
5283321,"['cinnamon', 'hazelnut', 'fatty']"
5283324,"['spicy', 'herbaceous', 'green']"
5283335,"['waxy', 'fatty']"
5283339,"['melon', 'fatty', 'floral', 'fishy', 'vegetable']"
5283345,"['oily', 'orange', 'floral', 'citrus', 'fatty', 'waxy']"
5283356,"['orange', 'herbaceous', 'fruity']"
5283361,"['orange', 'fatty', 'herbaceous']"
5283363,"['waxy', 'citrus']"
5284503,"['musty', 'fatty', 'sweet']"
5284507,"['apple', 'citrus', 'woody', 'green', 'rose']"
5311110,['rose']
5315892,"['balsam', 'hyacinth', 'sweet']"
5318042,"['apple', 'banana', 'orange', 'green', 'fatty']"
5318599,"['citrus', 'fruity', 'green', 'vegetable', 'earthy']"
5319754,"['fruity', 'green']"
5319765,"['chocolate', 'nutty', 'meaty', 'green']"
5324489,"['alcohol', 'almond', 'apple', 'vegetable']"
5352162,"['orange', 'floral', 'green', 'sweet']"
5352435,['lemon']
5352438,"['butter', 'green', 'wine-like']"
5352461,"['apple', 'cheese', 'green', 'meaty']"
5352539,"['apple', 'orange', 'nutty', 'sweet', 'ethereal']"
5352543,"['apple', 'green', 'vegetable']"
5352799,"['ethereal', 'fruity', 'pineapple', 'sweet']"
5352837,"['fatty', 'green']"
5354883,"['balsam', 'green', 'herbaceous']"
5355254,"['balsam', 'floral', 'fruity']"
5355850,"['balsam', 'spicy', 'fruity']"
5355851,"['balsam', 'fruity', 'sweet']"
5355853,"['fruity', 'rose', 'sweet']"
5355855,"['balsam', 'blueberry', 'grape', 'honey']"
5357002,"['herbaceous', 'raspberry', 'rose', 'strawberry', 'green']"
5362584,"['chocolate', 'musty', 'peach', 'sulfurous']"
5362588,"['butter', 'hazelnut']"
5362620,['orange']
5362622,['pineapple']
5362720,"['melon', 'citrus']"
5362814,"['butter', 'vegetable', 'fishy', 'minty']"
5362830,"['apple', 'berry', 'melon', 'fruity', 'rose']"
5362833,"['melon', 'green', 'vegetable', 'violet']"
5363120,"['apple', 'oily', 'vegetable', 'green']"
5363229,"['berry', 'butter', 'lemon', 'nutty', 'sweet']"
5363388,"['banana', 'green', 'vegetable']"
5363491,"['pineapple', 'sweet', 'wine-like']"
5363526,['citrus']
5364231,"['fruity', 'green']"
5364532,"['fruity', 'green']"
5364631,"['melon', 'green']"
5364729,"['berry', 'jam', 'green']"
5364919,['fruity']
5364941,"['melon', 'waxy', 'fatty', 'sweet', 'violet']"
5364942,"['jasmine', 'citrus', 'fatty', 'pear', 'earthy']"
5365027,"['melon', 'waxy']"
5365049,"['balsam', 'woody', 'green']"
5365069,"['apple', 'herbaceous', 'sweet', 'waxy']"
5365793,['fruity']
5365794,"['oily', 'citrus', 'green']"
5365976,"['floral', 'spicy', 'fruity', 'meaty', 'woody']"
5365991,"['berry', 'lilac', 'orange', 'floral', 'plum']"
5366038,['pineapple']
5366044,"['honey', 'rose']"
5366244,"['balsam', 'floral']"
5367681,"['apple', 'green']"
5367698,"['herbaceous', 'woody', 'mossy', 'sweet']"
5367706,"['woody', 'herbaceous', 'green']"
5367719,"['jasmine', 'melon', 'sweet', 'herbaceous']"
5367745,"['minty', 'sweet']"
5367785,"['apple', 'rose', 'sweet']"
5368076,"['green', 'violet']"
5369459,['sweet']
5370602,['chocolate']
5371102,"['balsam', 'green']"
5463682,"['fruity', 'wine-like']"
5463904,"['fatty', 'waxy']"
6076971,"['alcohol', 'jasmine']"
6114390,"['apple', 'cinnamon', 'honey', 'spicy', 'sweet']"
6429039,"['ethereal', 'sage', 'sweet']"
6435882,['melon']
6436710,"['fatty', 'citrus', 'waxy', 'rose', 'sweet']"
6850741,"['camphoraceous', 'minty']"
6850743,"['lemon', 'sour']"
6850745,"['honey', 'floral', 'herbaceous', 'fruity', 'citrus', 'minty', 'woody', 'spicy', 'camphoraceous', 'green']"
6950273,"['herbaceous', 'floral', 'vanilla']"
6999977,"['creamy', 'sweet']"
7076215,"['alcohol', 'minty', 'camphoraceous']"
9855795,"['nutty', 'fruity', 'vanilla', 'woody']"
10174581,"['creamy', 'waxy']"
10311044,"['musty', 'fatty', 'fruity']"
10857465,['floral']
11435490,"['herbaceous', 'sweet']"
12963317,"['fruity', 'green', 'citrus']"
14030006,['sage']
15461361,"['banana', 'fatty', 'pepper', 'vegetable']"
16129778,"['medicinal', 'woody']"
16212702,"['caramel', 'coconut', 'herbaceous', 'sweet']"
16220105,"['nutty', 'green']"
16220110,"['vegetable', 'green']"
23308252,"['fruity', 'minty', 'green']"
23673663,"['earthy', 'medicinal']"
23693089,"['minty', 'green', 'camphoraceous']"
24758199,"['cinnamon', 'herbaceous', 'spicy', 'sweet']"
24847856,['spicy']
44134940,"['lemon', 'musty', 'oily', 'fruity', 'rose', 'sweet']"
54675810,"['vanilla', 'woody']"
55251157,"['almond', 'caramel', 'musty', 'vegetable']"
91001317,"['whiskey', 'wine-like']"
92043553,['floral']
