CID,MolecularWeight,IsomericSMILES,IUPACName,name
58,102.09,CCC(=O)C(=O)O,2-oxobutanoic acid,2-oxobutanoic acid
107,150.17,C1=CC=C(C=C1)CCC(=O)O,3-phenylpropanoic acid,hydrocinnamic acid
126,122.12,C1=CC(=CC=C1C=O)O,4-hydroxybenzaldehyde,4-hydroxybenzaldehyde
135,138.12,C1=CC(=CC=C1C(=O)O)O,4-hydroxybenzoic acid,4-hydroxybenzoic acid
176,60.05,CC(=O)O,acetic acid,acetic acid
177,44.05,CC=O,acetaldehyde,acetaldehyde
240,106.12,C1=CC=C(C=C1)C=O,benzaldehyde,benzaldehyde
243,122.12,C1=CC=C(C=C1)C(=O)O,benzoic acid,benzoic acid
244,108.14,C1=CC=C(C=C1)CO,phenylmethanol,benzyl alcohol
261,72.11,CCCC=O,butanal,butyraldehyde
263,74.12,CCCCO,butan-1-ol,1-butanol
264,88.11,CCCC(=O)O,butanoic acid,butyric acid
311,192.12,C(C(=O)O)C(CC(=O)O)(C(=O)O)O,"2-hydroxypropane-1,2,3-tricarboxylic acid",citric acid
313,36.46,Cl,chlorane,hydrochloric acid
323,146.14,C1=CC=C2C(=C1)C=CC(=O)O2,chromen-2-one,coumarin
325,150.22,CC(C)C1=CC=C(C=C1)CO,(4-propan-2-ylphenyl)methanol,4-isopropylbenzyl alcohol
326,148.20,CC(C)C1=CC=C(C=C1)C=O,4-propan-2-ylbenzaldehyde,4-isopropylbenzaldehyde
332,150.17,COC1=C(C=CC(=C1)C=C)O,4-ethenyl-2-methoxyphenol,2-methoxy-4-vinylphenol
338,138.12,C1=CC=C(C(=C1)C(=O)O)O,2-hydroxybenzoic acid,salicylic acid
342,108.14,CC1=CC(=CC=C1)O,3-methylphenol,m-cresol
379,144.21,CCCCCCCC(=O)O,octanoic acid,octanoic acid
454,128.21,CCCCCCCC=O,octanal,octanal
460,124.14,COC1=CC=CC=C1O,2-methoxyphenol,guaiacol
527,58.08,CCC=O,propanal,propionaldehyde
660,148.16,C1CC(=O)OC2=CC=CC=C21,"3,4-dihydrochromen-2-one",dihydrocoumarin
679,78.14,CS(=O)C,methylsulfinylmethane,dimethyl sulfoxide
798,117.15,C1=CC=C2C(=C1)C=CN2,1H-indole,indole
880,72.06,CC(=O)C=O,2-oxopropanal,methylglyoxal
957,130.23,CCCCCCCCO,octan-1-ol,1-octanol
996,94.11,C1=CC=C(C=C1)O,phenol,phenol
997,164.16,C1=CC=C(C=C1)CC(=O)C(=O)O,2-oxo-3-phenylpropanoic acid,phenylpyruvic acid
998,120.15,C1=CC=C(C=C1)CC=O,2-phenylacetaldehyde,phenylacetaldehyde
999,136.15,C1=CC=C(C=C1)CC(=O)O,2-phenylacetic acid,phenylacetic acid
1030,76.09,CC(CO)O,"propane-1,2-diol",propylene glycol
1031,60.10,CCCO,propan-1-ol,1-propanol
1032,74.08,CCC(=O)O,propanoic acid,propionic acid
1049,79.10,C1=CC=NC=C1,pyridine,pyridine
1060,88.06,CC(=O)C(=O)O,2-oxopropanoic acid,pyruvic acid
1068,62.14,CSC,methylsulfanylmethane,dimethyl sulfide
1136,143.21,CC1=C(SC=N1)CCO,"2-(4-methyl-1,3-thiazol-5-yl)ethanol",4-methyl-5-thiazoleethanol
1145,75.11,C[N+](C)(C)[O-],"N,N-dimethylmethanamine oxide",trimethylamine n-oxide
1146,59.11,CN(C)C,"N,N-dimethylmethanamine",trimethylamine
1183,152.15,COC1=C(C=CC(=C1)C=O)O,4-hydroxy-3-methoxybenzaldehyde,vanillin
1254,156.26,CC1CCC(C(C1)O)C(C)C,5-methyl-2-propan-2-ylcyclohexan-1-ol,menthol
1491,154.12,C1=CC(=C(C=C1O)O)C(=O)O,"2,4-dihydroxybenzoic acid","2,4-dihydroxybenzoic acid"
2214,166.17,CC(=O)C1=CC(=C(C=C1)O)OC,1-(4-hydroxy-3-methoxyphenyl)ethanone,acetovanillone
2346,149.21,C1=CC=C(C=C1)CN=C=S,isothiocyanatomethylbenzene,benzyl isothiocyanate
2519,194.19,CN1C=NC2=C1C(=O)N(C(=O)N2C)C,"1,3,7-trimethylpurine-2,6-dione",caffeine
2537,152.23,CC1(C2CCC1(C(=O)C2)C)C,"1,7,7-trimethylbicyclo[2.2.1]heptan-2-one",camphor
2758,154.25,CC1(C2CCC(O1)(CC2)C)C,"1,3,3-trimethyl-2-oxabicyclo[2.2.2]octane",eucalyptol
2879,108.14,CC1=CC=C(C=C1)O,4-methylphenol,p-cresol
2969,172.26,CCCCCCCCCC(=O)O,decanoic acid,decanoic acid
3593,302.28,COC1=C(C=C(C=C1)C2CC(=O)C3=C(C=C(C=C3O2)O)O)O,"5,7-dihydroxy-2-(3-hydroxy-4-methoxyphenyl)-2,3-dihydrochromen-4-one",69097-99-0
3776,60.10,CC(C)O,propan-2-ol,isopropanol
3893,200.32,CCCCCCCCCCCC(=O)O,dodecanoic acid,lauric acid
4133,152.15,COC(=O)C1=CC=CC=C1O,methyl 2-hydroxybenzoate,methyl salicylate
4947,212.20,CCCOC(=O)C1=CC(=C(C(=C1)O)O)O,"propyl 3,4,5-trihydroxybenzoate",propyl gallate
5281,284.5,CCCCCCCCCCCCCCCCCC(=O)O,octadecanoic acid,stearic acid
5541,218.20,CC(=O)OCC(COC(=O)C)OC(=O)C,"2,3-diacetyloxypropyl acetate",triacetin
5610,137.18,C1=CC(=CC=C1CCN)O,4-(2-aminoethyl)phenol,tyramine
5634,184.27,C=CCCCCCCCCC(=O)O,undec-10-enoic acid,undecylenic acid
5962,146.19,C(CCN)C[C@@H](C(=O)O)N,"(2S)-2,6-diaminohexanoic acid",l-lysine
5971,99.16,C=CCN=C=S,3-isothiocyanatoprop-1-ene,allyl isothiocyanate
6050,302.36,CCCC(=O)OCC(COC(=O)CCC)OC(=O)CCC,"2,3-di(butanoyloxy)propyl butanoate",tributyrin
6054,122.16,C1=CC=C(C=C1)CCO,2-phenylethanol,2-phenylethanol
6140,165.19,C1=CC=C(C=C1)C[C@@H](C(=O)O)N,(2S)-2-amino-3-phenylpropanoic acid,l-phenylalanine
6202,337.3,CC1=C(SC=[N+]1CC2=CN=C(N=C2N)C)CCO.Cl.[Cl-],"2-[3-[(4-amino-2-methylpyrimidin-5-yl)methyl]-4-methyl-1,3-thiazol-3-ium-5-yl]ethanol;chloride;hydrochloride",thiamine hydrochloride
6276,88.15,CCCCCO,pentan-1-ol,1-pentanol
6287,117.15,CC(C)[C@@H](C(=O)O)N,(2S)-2-amino-3-methylbutanoic acid,l-valine
6306,131.17,CC[C@H](C)[C@@H](C(=O)O)N,"(2S,3S)-2-amino-3-methylpentanoic acid",l-isoleucine
6341,45.08,CCN,ethanamine,ethanamine
6364,76.16,CC(C)S,propane-2-thiol,2-propanethiol
6493,102.17,CCC(C)(CC)O,3-methylpentan-3-ol,3-methyl-3-pentanol
6501,206.24,CCOC(=O)C1C(O1)(C)C2=CC=CC=C2,ethyl 3-methyl-3-phenyloxirane-2-carboxylate,77-83-8
6544,138.21,CC1=CC(=O)CC(C1)(C)C,"3,5,5-trimethylcyclohex-2-en-1-one",isophorone
6558,73.14,CC(C)CN,2-methylpropan-1-amine,isobutylamine
6560,74.12,CC(C)CO,2-methylpropan-1-ol,2-methyl-1-propanol
6561,72.11,CC(C)C=O,2-methylpropanal,isobutyraldehyde
6584,74.08,CC(=O)OC,methyl acetate,methyl acetate
6590,88.11,CC(C)C(=O)O,2-methylpropanoic acid,isobutyric acid
6669,294.30,CC1=C(C(=C(C(=C1[N+](=O)[O-])C(C)(C)C)[N+](=O)[O-])C)C(=O)C,"1-(4-tert-butyl-2,6-dimethyl-3,5-dinitrophenyl)ethanone",musk ketone
6781,222.24,CCOC(=O)C1=CC=CC=C1C(=O)OCC,"diethyl benzene-1,2-dicarboxylate",diethyl phthalate
6826,165.19,CNC1=CC=CC=C1C(=O)OC,methyl 2-(methylamino)benzoate,methyl 2-(methylamino)benzoate
6873,194.23,CC(C)COC(=O)C1=CC=CC=C1O,2-methylpropyl 2-hydroxybenzoate,isobutyl salicylate
6912,152.15,C([C@H](C([C@H](CO)O)O)O)O,"(2S,4R)-pentane-1,2,3,4,5-pentol",xylitol
6915,116.16,CCC(CC)C(=O)O,2-ethylbutanoic acid,2-ethylbutyric acid
6943,136.19,CC(C)C1=CC=CC=C1O,2-propan-2-ylphenol,2-isopropylphenol
6989,150.22,CC1=CC(=C(C=C1)C(C)C)O,5-methyl-2-propan-2-ylphenol,thymol
6998,122.12,C1=CC=C(C(=C1)C=O)O,2-hydroxybenzaldehyde,salicylaldehyde
7002,142.20,CC1=CC=CC2=CC=CC=C12,1-methylnaphthalene,1-methylnaphthalene
7017,170.21,C1=CC=C(C=C1)C2=CC=CC=C2O,2-phenylphenol,2-phenylphenol
7043,138.16,COC1=CC=CC=C1OC,"1,2-dimethoxybenzene","1,2-dimethoxybenzene"
7058,160.24,C1=CC=C2C=C(C=CC2=C1)S,naphthalene-2-thiol,2-naphthalenethiol
7092,160.17,CC1=CC2=C(C=C1)OC(=O)C=C2,6-methylchromen-2-one,6-methylcoumarin
7095,154.21,C1=CC=C(C=C1)C2=CC=CC=C2,"1,1'-biphenyl",biphenyl
7119,158.20,COC1=CC2=CC=CC=C2C=C1,2-methoxynaphthalene,2-methoxynaphthalene
7122,170.21,CC(=O)C1=CC2=CC=CC=C2C=C1,1-naphthalen-2-ylethanone,2-acetylnaphthalene
7129,172.22,CCOC1=CC2=CC=CC=C2C=C1,2-ethoxynaphthalene,2-ethoxynaphthalene
7136,206.24,CC(=O)OC1=C(C=C(C=C1)CC=C)OC,(2-methoxy-4-prop-2-enylphenyl) acetate,eugenol acetate
7146,134.17,CC(C=O)C1=CC=CC=C1,2-phenylpropanal,2-phenylpropanal
7147,136.19,CCC(C1=CC=CC=C1)O,1-phenylpropan-1-ol,1-phenyl-1-propanol
7151,137.14,COC(=O)C1=CN=CC=C1,methyl pyridine-3-carboxylate,methyl nicotinate
7165,150.17,CCOC(=O)C1=CC=CC=C1,ethyl benzoate,ethyl benzoate
7175,180.20,CCCOC(=O)C1=CC=C(C=C1)O,propyl 4-hydroxybenzoate,propylparaben
7184,194.23,CCCCOC(=O)C1=CC=C(C=C1)O,butyl 4-hydroxybenzoate,butyl 4-hydroxybenzoate
7193,192.25,CC(C)CCOC(=O)C1=CC=CC=C1,3-methylbutyl benzoate,isoamyl benzoate
7194,226.27,C1=CC=C(C=C1)CCOC(=O)C2=CC=CC=C2,2-phenylethyl benzoate,phenethyl benzoate
7222,135.19,C1=CC=C2C(=C1)N=CS2,"1,3-benzothiazole",benzothiazole
7225,133.15,CC1=NC2=CC=CC=C2O1,"2-methyl-1,3-benzoxazole",2-methylbenzoxazole
7249,122.16,CC1=C(C=C(C=C1)O)C,"3,4-dimethylphenol","3,4-dimethylphenol"
7276,120.15,C1C(O1)C2=CC=CC=C2,2-phenyloxirane,styrene oxide
7284,86.13,CCC(C)C=O,2-methylbutanal,2-methylbutyraldehyde
7288,86.13,CCC(=O)CC,pentan-3-one,3-pentanone
7304,81.12,CN1C=CC=C1,1-methylpyrrole,1-methyl-1h-pyrrole
7334,196.29,CCOC(=O)C1C(C1(C)C)C=C(C)C,"ethyl 2,2-dimethyl-3-(2-methylprop-1-enyl)cyclopropane-1-carboxylate",ethyl chrysanthemate
7335,194.27,CC1=CCC(CC1OC(=O)C)C(=C)C,(2-methyl-5-prop-1-en-2-ylcyclohex-2-en-1-yl) acetate,carvyl acetate
7341,116.16,CCCC(C)C(=O)O,2-methylpentanoic acid,2-methylpentanoic acid
7342,116.16,CCOC(=O)C(C)C,ethyl 2-methylpropanoate,ethyl isobutyrate
7344,118.13,CCOC(=O)C(C)O,ethyl 2-hydroxypropanoate,ethyl lactate
7351,144.21,CC(C)COC(=O)C(C)C,2-methylpropyl 2-methylpropanoate,isobutyl isobutyrate
7353,144.21,CCCCOC(=O)C(C)C,butyl 2-methylpropanoate,butyl isobutyrate
7361,98.10,C1=COC(=C1)CO,furan-2-ylmethanol,furfuryl alcohol
7362,96.08,C1=COC(=C1)C=O,furan-2-carbaldehyde,furfural
7363,114.17,C1=COC(=C1)CS,furan-2-ylmethanethiol,furfuryl mercaptan
7393,150.22,CC(C)(C)C1=CC=C(C=C1)O,4-tert-butylphenol,4-tert-butylphenol
7409,122.16,CC(C1=CC=CC=C1)O,1-phenylethanol,1-phenylethanol
7410,120.15,CC(=O)C1=CC=CC=C1,1-phenylethanone,acetophenone
7413,128.17,C1CCC(CC1)C(=O)O,cyclohexanecarboxylic acid,cyclohexanecarboxylic acid
7460,136.23,CC1=CCC(C=C1)C(C)C,"2-methyl-5-propan-2-ylcyclohexa-1,3-diene",alpha-phellandrene
7461,136.23,CC1=CCC(=CC1)C(C)C,"1-methyl-4-propan-2-ylcyclohexa-1,4-diene",gamma-terpinene
7463,134.22,CC1=CC=C(C=C1)C(C)C,1-methyl-4-propan-2-ylbenzene,p-cymene
7476,150.17,CC(=O)C1=CC=C(C=C1)OC,1-(4-methoxyphenyl)ethanone,4'-methoxyacetophenone
7501,104.15,C=CC1=CC=CC=C1,styrene,styrene
7509,124.21,C1=CC=C(C=C1)CS,phenylmethanethiol,benzyl mercaptan
7531,150.22,CC(C)(CC1=CC=CC=C1)O,2-methyl-1-phenylpropan-2-ol,2-methyl-1-phenyl-2-propanol
7559,150.17,COC(=O)CC1=CC=CC=C1,methyl 2-phenylacetate,methyl phenylacetate
7590,164.20,CCOC(=O)CC1=CC=CC=C1,ethyl 2-phenylacetate,ethyl phenylacetate
7593,210.27,C1=CC=C(C=C1)CC(=O)CC2=CC=CC=C2,"1,3-diphenylpropan-2-one","1,3-diphenylacetone"
7601,240.30,C1=CC=C(C=C1)CCOC(=O)CC2=CC=CC=C2,2-phenylethyl 2-phenylacetate,phenethyl phenylacetate
7635,172.26,CCCCC(CC)COC(=O)C,2-ethylhexyl acetate,2-ethylhexyl acetate
7646,178.23,CC(C)C(=O)OCC1=CC=CC=C1,benzyl 2-methylpropanoate,benzyl isobutyrate
7650,178.23,CCCC(=O)OCC1=CC=CC=C1,benzyl butanoate,benzyl butyrate
7651,192.25,CC(C)CC(=O)OCC1=CC=CC=C1,benzyl 3-methylbutanoate,benzyl isovalerate
7654,164.20,CC(=O)OCCC1=CC=CC=C1,2-phenylethyl acetate,phenethyl acetate
7655,192.25,CC(C)C(=O)OCCC1=CC=CC=C1,2-phenylethyl 2-methylpropanoate,phenethyl isobutyrate
7657,198.26,C1=CC=C(C=C1)COCC2=CC=CC=C2,phenylmethoxymethylbenzene,dibenzyl ether
7658,192.25,CCCC(=O)OCCC1=CC=CC=C1,2-phenylethyl butanoate,phenethyl butyrate
7662,206.28,CC(C)C(=O)OCCCC1=CC=CC=C1,3-phenylpropyl 2-methylpropanoate,3-phenylpropyl isobutyrate
7695,180.20,CC(=O)OCC1=CC=C(C=C1)OC,(4-methoxyphenyl)methyl acetate,4-methoxybenzyl acetate
7704,142.20,CCCCC1CCC(=O)O1,5-butyloxolan-2-one,gamma-octalactone
7708,136.15,C1=CC=C(C=C1)COC=O,benzyl formate,benzyl formate
7710,156.22,CCCCCC1CCC(=O)O1,5-pentyloxolan-2-one,104-61-0
7711,150.17,C1=CC=C(C=C1)CCOC=O,2-phenylethyl formate,2-phenylethyl formate
7714,184.27,CCCCCCCC1CCC(=O)O1,5-heptyloxolan-2-one,gamma-undecalactone
7731,122.16,CC1=CC=C(C=C1)OC,1-methoxy-4-methylbenzene,4-methylanisole
7738,138.16,COC1=CC=C(C=C1)CO,(4-methoxyphenyl)methanol,4-methoxybenzyl alcohol
7755,116.16,CCC(C)CC(=O)O,3-methylpentanoic acid,3-methylvaleric acid
7761,160.17,CCOC(=O)CC(=O)OCC,diethyl propanedioate,diethyl malonate
7762,116.16,CCCC(=O)OCC,ethyl butanoate,ethyl butyrate
7765,118.17,CCOC(C)OCC,"1,1-diethoxyethane",acetal
7768,113.16,C1CCC(=O)NCC1,azepan-2-one,azepan-2-one
7770,130.18,CCCC(=O)OCCC,propyl butanoate,propyl butyrate
7771,122.16,CC1=CC(=C(C=C1)O)C,"2,4-dimethylphenol","2,4-dimethylphenol"
7772,144.21,CCC(=O)OCCC(C)C,3-methylbutyl propanoate,isoamyl propionate
7775,172.26,CCCCCC(=O)OCC(C)C,2-methylpropyl hexanoate,isobutyl hexanoate
7778,184.27,CC(CCC=C(C)C)CCOC=O,"3,7-dimethyloct-6-enyl formate",citronellyl formate
7793,156.26,C[C@@H](CCC=C(C)C)CCO,"(3S)-3,7-dimethyloct-6-en-1-ol",7540-51-4
7794,154.25,CC(CCC=C(C)C)CC=O,"3,7-dimethyloct-6-enal",citronellal
7795,158.24,CCCC(=O)OCCC(C)C,3-methylbutyl butanoate,isoamyl butyrate
7797,158.24,CCCCCCC(=O)OCC,ethyl heptanoate,ethyl heptanoate
7798,158.19,CCCC(=O)OC(=O)CCC,butanoyl butanoate,butyric anhydride
7799,172.26,CCCCCCCC(=O)OCC,ethyl octanoate,ethyl octanoate
7800,228.37,CCCCCCCCCCCC(=O)OCC,ethyl dodecanoate,ethyl laurate
7802,114.19,CCCCC(=O)CC,heptan-3-one,3-heptanone
7803,116.16,CCCOC(=O)CC,propyl propanoate,propyl propionate
7824,130.18,CCCCCC(=O)OC,methyl hexanoate,methyl hexanoate
7826,144.21,CCCCCCC(=O)OC,methyl heptanoate,methyl heptanoate
7848,76.16,CCCS,propane-1-thiol,1-propanethiol
7852,59.11,CCCN,propan-1-amine,propylamine
7865,60.05,COC=O,methyl formate,methyl formate
7895,86.13,CCCC(=O)C,pentan-2-one,2-pentanone
7909,100.16,CC(C)CC(=O)C,4-methylpentan-2-one,4-methyl-2-pentanone
7921,100.12,CC1CCC(=O)O1,5-methyloxolan-2-one,gamma-valerolactone
7937,107.15,CC1=NC(=CC=C1)C,"2,6-dimethylpyridine","2,6-dimethylpyridine"
7938,108.14,CC1=CN=CC(=N1)C,"2,6-dimethylpyrazine","2,6-dimethylpyrazine"
7967,98.14,C1CCC(=O)CC1,cyclohexanone,cyclohexanone
7981,158.24,CCCCOC(=O)CC(C)C,butyl 3-methylbutanoate,butyl isovalerate
7991,102.13,CCCCC(=O)O,pentanoic acid,valeric acid
7997,102.13,CCCOC(=O)C,propyl acetate,propyl acetate
8007,73.14,CCCCN,butan-1-amine,butylamine
8025,74.08,CCOC=O,ethyl formate,ethyl formate
8026,75.07,CCON=O,ethyl nitrite,ethyl nitrite
8038,116.16,CC(C)COC(=O)C,2-methylpropyl acetate,isobutyl acetate
8042,270.5,CCCCCCCCCCCCCC(=O)OC(C)C,propan-2-yl tetradecanoate,isopropyl myristate
8048,200.32,CCCCCCCCCC(=O)OCC,ethyl decanoate,ethyl decanoate
8049,258.35,CCOC(=O)CCCCCCCCC(=O)OCC,diethyl decanedioate,diethyl decanedioate
8051,114.19,CCCCCC(=O)C,heptan-2-one,2-heptanone
8052,116.16,CC(C)CCOC=O,3-methylbutyl formate,isopentyl formate
8060,87.16,CCCCCN,pentan-1-amine,amylamine
8073,88.11,CCCOC=O,propyl formate,propyl formate
8077,122.3,CCSSCC,(ethyldisulfanyl)ethane,diethyl disulfide
8092,154.21,CCCCCC#CC(=O)OC,methyl oct-2-ynoate,methyl 2-octynoate
8093,128.21,CCCCCCC(=O)C,octan-2-one,2-octanone
8103,102.17,CCCCCCO,hexan-1-ol,1-hexanol
8122,312.5,CCCCCCCCCCCCCCCCCC(=O)OCC,ethyl octadecanoate,ethyl stearate
8125,112.21,CCCCCCC=C,oct-1-ene,1-octene
8129,116.20,CCCCCCCO,heptan-1-ol,1-heptanol
8130,114.19,CCCCCCC=O,heptanal,heptanal
8137,168.23,CCCCCCC#CC(=O)OC,methyl non-2-ynoate,methyl 2-nonynoate
8138,198.30,COC(=O)CCCCCCCCC=C,methyl undec-10-enoate,methyl undec-10-enoate
8139,214.34,CCCCCCCCCCCC(=O)OC,methyl dodecanoate,methyl laurate
8158,158.24,CCCCCCCCC(=O)O,nonanoic acid,nonanoic acid
8163,170.29,CCCCCCCCCC(=O)C,undecan-2-one,2-undecanone
8164,172.26,CCCCCCCCOC(=O)C,octyl acetate,octyl acetate
8167,200.32,CCCCCCCCCCOC(=O)C,decyl acetate,decyl acetate
8169,144.21,CCCCCCCOC=O,heptyl formate,heptyl formate
8174,158.28,CCCCCCCCCCO,decan-1-ol,1-decanol
8176,158.24,CCCCCCCCOC=O,octyl formate,octyl formate
8184,172.31,CCCCCCCCCCCO,undecan-1-ol,1-undecanol
8193,186.33,CCCCCCCCCCCCO,dodecan-1-ol,1-dodecanol
8194,184.32,CCCCCCCCCCCC=O,dodecanal,dodecanal
8201,298.5,CCCCCCCCCCCCCCCCCC(=O)OC,methyl octadecanoate,methyl stearate
8205,228.37,CCCCCCCCCCCCOC(=O)C,dodecyl acetate,dodecyl acetate
8257,86.13,CC(C)(C=C)O,2-methylbut-3-en-2-ol,2-methyl-3-buten-2-ol
8294,196.29,CC(=CCCC(C)(C=C)OC(=O)C)C,"3,7-dimethylocta-1,6-dien-3-yl acetate",linalyl acetate
8299,74.08,CC(=O)CO,1-hydroxypropan-2-one,hydroxyacetone
8314,102.13,CCC(C)C(=O)O,2-methylbutanoic acid,2-methylbutanoic acid
8347,262.4,CC1CC(C=C(C2C1CC(=C(C)C)C2)C)OC(=O)C,"(4,8-dimethyl-2-propan-2-ylidene-3,3a,4,5,6,8a-hexahydro-1H-azulen-6-yl) acetate",vetiveryl acetate
8365,166.17,CCOC(=O)C1=CC=CC=C1O,ethyl 2-hydroxybenzoate,ethyl salicylate
8369,126.11,CC1=C(C(=O)C=CO1)O,3-hydroxy-2-methylpyran-4-one,maltol
8438,150.13,C1OC2=C(O1)C=C(C=C2)C=O,"1,3-benzodioxole-5-carbaldehyde",piperonal
8452,84.12,C1CCC(=O)C1,cyclopentanone,cyclopentanone
8456,180.24,CC(C)(C)C1=C(C=CC(=C1)OC)O,2-tert-butyl-4-methoxyphenol,3-tert-butyl-4-hydroxyanisole
8467,166.17,CCOC1=C(C=CC(=C1)C=O)O,3-ethoxy-4-hydroxybenzaldehyde,3-ethoxy-4-hydroxybenzaldehyde
8469,192.21,CCOC(=O)C1C(O1)C2=CC=CC=C2,ethyl 3-phenyloxirane-2-carboxylate,ethyl 3-phenylglycidate
8499,166.17,COC1=CC=C(C=C1)C(=O)OC,methyl 4-methoxybenzoate,methyl 4-methoxybenzoate
8500,134.17,CC1=CC=C(C=C1)C(=O)C,1-(4-methylphenyl)ethanone,4'-methylacetophenone
8615,241.28,C1=CC=C(C=C1)CCOC(=O)C2=CC=CC=C2N,2-phenylethyl 2-aminobenzoate,phenethyl anthranilate
8635,151.16,COC(=O)C1=CC=CC=C1N,methyl 2-aminobenzoate,methyl anthranilate
8658,136.15,COC1=CC=CC=C1C=O,2-methoxybenzaldehyde,2-methoxybenzaldehyde
8697,144.21,CCCCC(CC)C(=O)O,2-ethylhexanoic acid,2-ethylhexanoic acid
8763,260.28,CCC(=O)OCC(COC(=O)CC)OC(=O)CC,"2,3-di(propanoyloxy)propyl propanoate",tripropionin
8792,206.28,CC(C)CC(=O)OCCC1=CC=CC=C1,2-phenylethyl 3-methylbutanoate,140-26-1
8797,150.17,CC1=CC=C(C=C1)OC(=O)C,(4-methylphenyl) acetate,p-tolyl acetate
8815,148.20,COC1=CC=C(C=C1)CC=C,1-methoxy-4-prop-2-enylbenzene,estragole
8821,100.12,CCOC(=O)C=C,ethyl prop-2-enoate,ethyl acrylate
8834,212.33,CCC(=O)OCCC(C)CCC=C(C)C,"3,7-dimethyloct-6-enyl propanoate",citronellyl propionate
8842,156.26,CC(CCC=C(C)C)CCO,"3,7-dimethyloct-6-en-1-ol",citronellol
8857,88.11,CCOC(=O)C,ethyl acetate,ethyl acetate
8858,98.14,CC(=CC(=O)C)C,4-methylpent-3-en-2-one,mesityl oxide
8863,218.33,CC(CCCC(C)(C)O)CC(OC)OC,"8,8-dimethoxy-2,6-dimethyloctan-2-ol","8,8-dimethoxy-2,6-dimethyloctan-2-ol"
8868,130.14,CCOC(=O)CC(=O)C,ethyl 3-oxobutanoate,ethyl acetoacetate
8878,170.25,CCCCCCC(=O)OCC=C,prop-2-enyl heptanoate,allyl heptanoate
8892,116.16,CCCCCC(=O)O,hexanoic acid,hexanoic acid
8907,298.5,CCCCCCCCCCCCCCCC(=O)OC(C)C,propan-2-yl hexadecanoate,isopropyl palmitate
8908,144.21,CCCCCCOC(=O)C,hexyl acetate,hexyl acetate
8914,144.25,CCCCCCCCCO,nonan-1-ol,1-nonanol
8918,186.29,CCCCCCCCCOC(=O)C,nonyl acetate,nonyl acetate
9012,246.4,C1=CC=C(C=C1)CSSCC2=CC=CC=C2,(benzyldisulfanyl)methylbenzene,dibenzyl disulfide
9016,138.16,COC1=CC=C(C=C1)OC,"1,4-dimethoxybenzene","1,4-dimethoxybenzene"
9020,162.05,C(CC(=O)[O-])C(=O)[O-].[Na+].[Na+],disodium;butanedioate,disodium succinate
9024,192.25,CC(=O)OC(C)(C)CC1=CC=CC=C1,(2-methyl-1-phenylpropan-2-yl) acetate,dimethylbenzylcarbinyl acetate
9025,138.16,COC1=CC(=CC=C1)OC,"1,3-dimethoxybenzene","1,3-dimethoxybenzene"
9256,85.13,C1=CSC=N1,"1,3-thiazole",thiazole
9261,80.09,C1=CN=CC=N1,pyrazine,pyrazine
9589,121.14,CC(=O)C1=CN=CC=C1,1-pyridin-3-ylethanone,3-acetylpyridine
9609,90.19,CCSCC,ethylsulfanylethane,diethyl sulfide
10285,143.18,CC1=CC=NC2=CC=CC=C12,4-methylquinoline,lepidine
10315,148.20,CCCC(=O)C1=CC=CC=C1,1-phenylbutan-1-one,butyrophenone
10351,96.08,C1=COC=C1C=O,furan-3-carbaldehyde,3-furaldehyde
10430,102.13,CC(C)CC(=O)O,3-methylbutanoic acid,isovaleric acid
10448,106.19,CSCCCO,3-methylsulfanylpropan-1-ol,methionol
10453,296.5,CC(C)CCCC(C)CCCC(C)CCCC(C)(C=C)O,"3,7,11,15-tetramethylhexadec-1-en-3-ol",isophytol
10484,76.12,CC(=O)S,ethanethioic S-acid,thioacetic acid
10560,90.19,CCC(C)S,butane-2-thiol,2-butanethiol
10722,120.15,CC1=CC=CC=C1C=O,2-methylbenzaldehyde,2-methylbenzaldehyde
10748,176.17,COC1=CC2=C(C=C1)C=CC(=O)O2,7-methoxychromen-2-one,7-methoxycoumarin
10795,90.12,CC(OC)OC,"1,1-dimethoxyethane","1,1-dimethoxyethane"
10823,107.15,CCC1=CN=CC=C1,3-ethylpyridine,3-ethylpyridine
10882,130.18,CCCCC(=O)OCC,ethyl pentanoate,ethyl pentanoate
10883,144.17,CCOC(=O)CCC(=O)C,ethyl 4-oxopentanoate,ethyl levulinate
10885,144.21,CCCC(=O)OCC(C)C,2-methylpropyl butanoate,isobutyl butyrate
10890,158.24,CCCCCOC(=O)CCC,pentyl butanoate,pentyl butyrate
10895,130.18,CCC(=O)OCC(C)C,2-methylpropyl propanoate,isobutyl propionate
10934,113.18,CC1=CSC(=N1)C,"2,4-dimethyl-1,3-thiazole","2,4-dimethylthiazole"
10976,116.20,CCCCCC(C)O,heptan-2-ol,2-heptanol
11005,228.37,CCCCCCCCCCCCCC(=O)O,tetradecanoic acid,tetradecanoic acid
11039,102.13,CC(C)C(=O)OC,methyl 2-methylpropanoate,methyl isobutyrate
11086,135.16,CC(=O)C1=CC=CC=C1N,1-(2-aminophenyl)ethanone,2'-aminoacetophenone
11167,73.12,CN=C=S,methylimino(sulfanylidene)methane,methyl isothiocyanate
11173,86.13,CC(=CCO)C,3-methylbut-2-en-1-ol,3-methyl-2-buten-1-ol
11230,154.25,CC1=CCC(CC1)(C(C)C)O,4-methyl-1-propan-2-ylcyclohex-3-en-1-ol,4-carvomenthenol
11335,122.16,CC1=C(C(=CC=C1)C)O,"2,6-dimethylphenol","2,6-dimethylphenol"
11340,134.17,CC1=CC=CC=C1C(=O)C,1-(2-methylphenyl)ethanone,2'-methylacetophenone
11363,148.16,CC(=O)C(=O)C1=CC=CC=C1,"1-phenylpropane-1,2-dione","1-phenyl-1,2-propanedione"
11463,136.23,CC1=CCC(=C(C)C)CC1,1-methyl-4-propan-2-ylidenecyclohexene,terpinolene
11508,102.17,CCC(C)CCO,3-methylpentan-1-ol,3-methyl-1-pentanol
11509,100.16,CCCC(=O)CC,hexan-3-one,3-hexanone
11520,116.20,CCCCC(CC)O,heptan-3-ol,heptan-3-ol
11525,112.17,CC1CCC(=O)CC1,4-methylcyclohexan-1-one,4-methylcyclohexanone
11527,130.23,CCCCCC(CC)O,octan-3-ol,3-octanol
11529,130.18,CCCCOC(=O)CC,butyl propanoate,butyl propionate
11552,86.13,CC(C)CC=O,3-methylbutanal,3-methylbutanal
11559,98.10,CC1=CCC(=O)O1,5-methyl-3H-furan-2-one,alpha-angelica lactone
11569,136.15,COC1=CC=CC(=C1)C=O,3-methoxybenzaldehyde,3-methoxybenzaldehyde
11617,114.21,C=CCSCC=C,3-prop-2-enylsulfanylprop-1-ene,diallyl sulfide
11902,126.11,COC(=O)C1=CC=CO1,methyl furan-2-carboxylate,methyl 2-furoate
11980,140.14,CCOC(=O)C1=CC=CO1,ethyl furan-2-carboxylate,ethyl 2-furoate
12020,86.13,CCC(C=C)O,pent-1-en-3-ol,1-penten-3-ol
12041,116.11,CCOC(=O)C(=O)C,ethyl 2-oxopropanoate,ethyl pyruvate
12097,110.11,CC1=CC=C(O1)C=O,5-methylfuran-2-carbaldehyde,5-methylfurfural
12150,138.16,CCOC1=CC=C(C=C1)O,4-ethoxyphenol,4-ethoxyphenol
12180,102.13,CCCC(=O)OC,methyl butanoate,methyl butyrate
12232,94.20,CSSC,(methyldisulfanyl)methane,dimethyl disulfide
12257,88.11,CC(C)OC=O,propan-2-yl formate,isopropyl formate
12266,96.13,CC1=CC=C(O1)C,"2,5-dimethylfuran","2,5-dimethylfuran"
12294,172.26,CCCCCC(=O)OCCCC,butyl hexanoate,butyl hexanoate
12297,102.17,CCCCC(C)O,hexan-2-ol,2-hexanol
12348,130.18,CCCCCOC(=O)C,pentyl acetate,amyl acetate
12366,284.5,CCCCCCCCCCCCCCCC(=O)OCC,ethyl hexadecanoate,ethyl palmitate
12367,144.25,CCCCCCCC(C)O,nonan-2-ol,2-nonanol
12506,144.17,CC(=O)OCC1CCCO1,oxolan-2-ylmethyl acetate,tetrahydrofurfuryl acetate
12514,112.19,CC1=CC=C(S1)C,"2,5-dimethylthiophene","2,5-dimethylthiophene"
12529,116.16,CCCCCOC=O,pentyl formate,pentyl formate
12571,130.18,CCCOC(=O)C(C)C,propyl 2-methylpropanoate,propyl isobutyrate
12587,116.16,CC(C)CCC(=O)O,4-methylpentanoic acid,4-methylpentanoic acid
12613,172.26,CC(C)CCOC(=O)CC(C)C,3-methylbutyl 3-methylbutanoate,isoamyl isovalerate
12741,156.26,CCCCCCCCC(=O)C,decan-2-one,2-decanone
12748,99.16,CC1=CSC=N1,"4-methyl-1,3-thiazole",4-methylthiazole
12810,170.25,CCCCCC1CCCC(=O)O1,6-pentyloxan-2-one,delta-decalactone
12844,198.30,CCCCCCCC1CCCC(=O)O1,6-heptyloxan-2-one,delta-dodecalactone
12988,86.13,CC(=C)CCO,3-methylbut-3-en-1-ol,3-methyl-3-buten-1-ol
13187,142.24,CCCCCCCC(=O)C,nonan-2-one,2-nonanone
13204,114.14,CC1CCCC(=O)O1,6-methyloxan-2-one,delta-hexanolactone
13216,154.25,C1CCC2CC(CCC2C1)O,"1,2,3,4,4a,5,6,7,8,8a-decahydronaphthalen-2-ol",825-51-4
13357,116.16,CCC(C)C(=O)OC,methyl 2-methylbutanoate,methyl 2-methylbutyrate
13436,218.3,C1=CC=C(C=C1)SSC2=CC=CC=C2,(phenyldisulfanyl)benzene,diphenyl disulfide
13561,170.29,CCCCCC(=O)CCCCC,undecan-6-one,6-undecanone
14079,109.13,CC(=O)C1=CC=CN1,1-(1H-pyrrol-2-yl)ethanone,2-acetylpyrrole
14104,164.24,CC1=CC(=C(C=C1)C(C)C)OC,2-methoxy-4-methyl-1-propan-2-ylbenzene,thymol methyl ether
14228,228.37,CCCCCCCC(=O)OCCCCCC,hexyl octanoate,hexyl octanoate
14257,156.31,CCCCCCCCCCC,undecane,undecane
14286,121.14,CC(=O)C1=CC=CC=N1,1-pyridin-2-ylethanone,2-acetylpyridine
14296,136.19,CC1=C(N=C(C(=N1)C)C)C,"2,3,5,6-tetramethylpyrazine","2,3,5,6-tetramethylpyrazine"
14328,180.20,CC(=O)C1=CC(=C(C=C1)OC)OC,"1-(3,4-dimethoxyphenyl)ethanone",1131-62-0
14475,144.21,CCCCCC(C)C(=O)O,2-methylheptanoic acid,2-methylheptanoic acid
14491,150.3,C(CCCS)CCS,"hexane-1,6-dithiol","1,6-hexanedithiol"
14493,178.4,C(CCCCS)CCCS,"octane-1,8-dithiol","1,8-octanedithiol"
14505,110.11,CC(=O)C1=CC=CO1,1-(furan-2-yl)ethanone,2-acetylfuran
14514,124.14,CC1=CC=C(O1)C(=O)C,1-(5-methylfuran-2-yl)ethanone,2-acetyl-5-methylfuran
14925,176.12,C(C(CC(=O)O)C(=O)O)C(=O)O,"propane-1,2,3-tricarboxylic acid",tricarballylic acid
15037,147.17,C1=CN(C=C1)CC2=CC=CO2,1-(furan-2-ylmethyl)pyrrole,1-furfurylpyrrole
15394,84.12,CCC(=O)C=C,pent-1-en-3-one,ethyl vinyl ketone
15406,154.25,CC1(C2CCC(C2)(C1O)C)C,"1,3,3-trimethylbicyclo[2.2.1]heptan-2-ol",fenchol
15422,132.27,CCCCCCCS,heptane-1-thiol,1-heptanethiol
15448,172.31,CCCCCCCCCC(C)O,undecan-2-ol,2-undecanol
15510,102.20,C1CCC(C1)S,cyclopentanethiol,cyclopentanethiol
15606,172.26,CCCCCCCCC(=O)OC,methyl nonanoate,methyl nonanoate
15717,176.21,C=CCOC(=O)CC1=CC=CC=C1,prop-2-enyl 2-phenylacetate,allyl phenylacetate
15877,104.22,CCC(C)CS,2-methylbutane-1-thiol,2-methyl-1-butanethiol
16237,178.23,CCOC(=O)CCC1=CC=CC=C1,ethyl 3-phenylpropanoate,ethyl 3-phenylpropionate
16255,214.34,CCCCCCCC(=O)OCCC(C)C,3-methylbutyl octanoate,isopentyl octanoate
16330,194.23,CCCCOC(=O)C1=CC=CC=C1O,butyl 2-hydroxybenzoate,butyl salicylate
16331,172.22,CCCCOC(=O)CCC(=O)C,butyl 4-oxopentanoate,butyl levulinate
16537,182.26,CC1=CCC(CC1)C(C)(C)OC=O,2-(4-methylcyclohex-3-en-1-yl)propan-2-yl formate,terpinyl formate
16590,146.3,C=CCSSCC=C,3-(prop-2-enyldisulfanyl)prop-1-ene,diallyl disulfide
16592,122.3,CCCSSC,1-(methyldisulfanyl)propane,methyl propyl disulfide
16724,150.22,CC1=CC[C@@H](CC1=O)C(=C)C,(5S)-2-methyl-5-prop-1-en-2-ylcyclohex-2-en-1-one,d-carvone
16741,163.24,C1=CC=C(C=C1)CCN=C=S,2-isothiocyanatoethylbenzene,2-phenylethyl isothiocyanate
16800,149.23,CCCCCC1=CC=CC=N1,2-pentylpyridine,2-pentylpyridine
16867,101.17,CC1=NCCS1,"2-methyl-4,5-dihydro-1,3-thiazole",2-methyl-2-thiazoline
16872,172.26,CCCCCCOC(=O)C(C)C,hexyl 2-methylpropanoate,hexyl isobutyrate
16925,158.20,CC1=NC2=CC=CC=C2N=C1C,"2,3-dimethylquinoxaline","2,3-dimethylquinoxaline"
17008,130.18,CC(C)CCC(=O)OC,methyl 4-methylpentanoate,methyl 4-methylvalerate
17016,136.19,CC1=C(C(=C(C=C1)C)O)C,"2,3,6-trimethylphenol","2,3,6-trimethylphenol"
17121,170.25,CCCCCC(C=C)OC(=O)C,oct-1-en-3-yl acetate,1-octen-3-yl acetate
17129,172.26,CCC(C)COC(=O)C(C)CC,2-methylbutyl 2-methylbutanoate,2-methylbutyl 2-methylbutyrate
17356,230.4,C1CCC(CC1)SSC2CCCCC2,(cyclohexyldisulfanyl)cyclohexane,dicyclohexyl disulfide
17525,172.26,CCCCCCOC(=O)CCC,hexyl butanoate,hexyl butyrate
17617,196.29,C=CCOC(=O)CCC1CCCCC1,prop-2-enyl 3-cyclohexylpropanoate,2705-87-5
17691,96.13,CC1=CC(=O)CC1,3-methylcyclopent-2-en-1-one,3-methyl-2-cyclopenten-1-one
17739,166.22,CCCC1=CC(=C(C=C1)O)OC,2-methoxy-4-propylphenol,2-methoxy-4-propylphenol
17898,124.14,CC1=NC=CN=C1OC,2-methoxy-3-methylpyrazine,2-methoxy-3-methylpyrazine
18467,110.11,COC1=NC=CN=C1,2-methoxypyrazine,2-methoxypyrazine
18522,100.12,CC1C(=O)CCO1,2-methyloxolan-3-one,2-methyltetrahydrofuran-3-one
18554,96.13,CCC1=CC=CO1,2-ethylfuran,2-ethylfuran
18635,104.17,CSCCC=O,3-methylsulfanylpropanal,3-(methylthio)propionaldehyde
18698,156.22,CCCCC1CCCC(=O)O1,6-butyloxan-2-one,delta-nonalactone
18756,136.23,CC(=CCC=C(C)C=C)C,"3,7-dimethylocta-1,3,6-triene",beta-ocimene
18938,144.25,CC(CCO)CC(C)(C)C,"3,5,5-trimethylhexan-1-ol","3,5,5-trimethylhexan-1-ol"
19309,128.13,CC1C(=O)C(=C(O1)C)O,"4-hydroxy-2,5-dimethylfuran-3-one",furaneol
19602,138.21,CCCCCC1=CC=CO1,2-pentylfuran,2-pentylfuran
19707,114.14,CCCC(=O)C(=O)C,"hexane-2,3-dione","2,3-hexanedione"
19844,182.17,COC1=C(C=CC(=C1)C(=O)OC)O,methyl 4-hydroxy-3-methoxybenzoate,methyl vanillate
20083,130.23,CCCCCCC(C)O,octan-2-ol,octan-2-ol
20219,184.27,CCCCCCCC(=O)OCC=C,prop-2-enyl octanoate,allyl octanoate
20499,226.3,C1=COC(=C1)CSSCC2=CC=CO2,2-[(furan-2-ylmethyldisulfanyl)methyl]furan,difurfuryl disulfide
20653,130.18,CCCCC(C)C(=O)O,2-methylhexanoic acid,2-methylhexanoic acid
20928,100.16,CCCC(C=C)O,hex-1-en-3-ol,1-hexen-3-ol
21057,114.19,CCCCC(C=C)O,hept-1-en-3-ol,1-hepten-3-ol
21059,140.14,CCC1=C(C(=O)C=CO1)O,2-ethyl-3-hydroxypyran-4-one,ethyl maltol
21574,142.24,CC(CC=O)CC(C)(C)C,"3,5,5-trimethylhexanal","3,5,5-trimethylhexanal"
21596,186.29,CCCCCCC(=O)OCCCC,butyl heptanoate,butyl heptanoate
21648,164.20,CC(=O)CCC1=CC=C(C=C1)O,4-(4-hydroxyphenyl)butan-2-one,4-(4-hydroxyphenyl)-2-butanone
22311,136.23,CC1=CCC(CC1)C(=C)C,1-methyl-4-prop-1-en-2-ylcyclohexene,limonene
22629,222.28,CCCCCCOC(=O)C1=CC=CC=C1O,hexyl 2-hydroxybenzoate,hexyl salicylate
22873,200.32,CCCCCCOC(=O)CCCCC,hexyl hexanoate,hexyl hexanoate
23347,230.4,C1=CSC(=C1)SSC2=CC=CS2,2-(thiophen-2-yldisulfanyl)thiophene,2-thienyl disulfide
23642,140.20,COC1=CC=CC=C1S,2-methoxybenzenethiol,2-methoxybenzenethiol
24114,216.27,CCCCOC(=O)C(C)OC(=O)CCC,(1-butoxy-1-oxopropan-2-yl) butanoate,butyl butyryllactate
24116,177.20,C=CCOC(=O)C1=CC=CC=C1N,prop-2-enyl 2-aminobenzoate,allyl anthranilate
24117,192.21,C=CCOC(=O)COC1=CC=CC=C1,prop-2-enyl 2-phenoxyacetate,allyl phenoxyacetate
24473,152.23,CC1CCC(CC1=O)C(=C)C,2-methyl-5-prop-1-en-2-ylcyclohexan-1-one,dihydrocarvone
24513,202.33,CCCCCCCCCC(OC)OC,"1,1-dimethoxydecane","1,1-dimethoxydecane"
24838,186.29,CCCCCCOC(=O)C(C)CC,hexyl 2-methylbutanoate,hexyl 2-methylbutanoate
24874,73.14,CCC(C)N,butan-2-amine,sec-butylamine
24915,220.31,CCCC(=O)OC(C)(C)CC1=CC=CC=C1,(2-methyl-1-phenylpropan-2-yl) butanoate,10094-34-5
25311,198.34,CCCCCCCCCCCCC=O,tridecanal,tridecanal
25611,128.21,CCCCC(=O)C(C)C,2-methylheptan-3-one,2-methylheptan-3-one
26331,108.14,CCC1=NC=CN=C1,2-ethylpyrazine,2-ethylpyrazine
26333,150.22,CC1=NC=CN=C1CC(C)C,2-methyl-3-(2-methylpropyl)pyrazine,2-isobutyl-3-methylpyrazine
26334,136.19,CCC1=NC=C(N=C1C)C,"2-ethyl-3,5-dimethylpyrazine","2-ethyl-3,5-dimethylpyrazine"
26447,154.25,C[C@@H]1CC[C@H](C(=O)C1)C(C)C,"(2S,5R)-5-methyl-2-propan-2-ylcyclohexan-1-one",(-)-menthone
26808,122.17,CC1=CN=C(C(=N1)C)C,"2,3,5-trimethylpyrazine","2,3,5-trimethylpyrazine"
27457,122.17,CCC1=NC=CN=C1C,2-ethyl-3-methylpyrazine,2-ethyl-3-methylpyrazine
27892,198.30,CCCCCC(C=C)OC(=O)CCC,oct-1-en-3-yl butanoate,1-octen-3-yl butyrate
28905,150.22,CCC1=NC=C(N=C1CC)C,"2,3-diethyl-5-methylpyrazine","2,3-diethyl-5-methylpyrazine"
29096,156.26,CC(CCCC(C)(C)O)C=C,"2,6-dimethyloct-7-en-2-ol",dihydromyrcenol
30215,111.14,CC1=C(OC(=N1)C)C,"2,4,5-trimethyl-1,3-oxazole",fema 4394
30248,196.29,CC1CCC(CC1OC(=O)C)C(=C)C,(2-methyl-5-prop-1-en-2-ylcyclohexyl) acetate,dihydrocarvyl acetate
31211,194.23,CC(=O)CCC1=CC(=C(C=C1)O)OC,4-(4-hydroxy-3-methoxyphenyl)butan-2-one,zingerone
31219,164.20,CCC(=O)OCC1=CC=CC=C1,benzyl propanoate,benzyl propionate
31225,178.23,CCC(=O)OCCC1=CC=CC=C1,2-phenylethyl propanoate,2-phenylethyl propionate
31226,178.23,CC(=O)OCCCC1=CC=CC=C1,3-phenylpropyl acetate,3-phenylpropyl acetate
31234,136.19,C1=CC=C(C=C1)CCCO,3-phenylpropan-1-ol,3-phenyl-1-propanol
31242,122.16,CCC1=CC=C(C=C1)O,4-ethylphenol,4-ethylphenol
31246,114.19,CCCC(=O)CCC,heptan-4-one,4-heptanone
31249,174.19,CCOC(=O)CCC(=O)OCC,diethyl butanedioate,diethyl succinate
31252,108.14,CC1=CN=C(C=N1)C,"2,5-dimethylpyrazine","2,5-dimethylpyrazine"
31260,88.15,CC(C)CCO,3-methylbutan-1-ol,isoamyl alcohol
31265,144.21,CCCCCC(=O)OCC,ethyl hexanoate,ethyl caproate
31266,156.22,CCCCCC(=O)OCC=C,prop-2-enyl hexanoate,allyl hexanoate
31268,71.12,C1CCNC1,pyrrolidine,pyrrolidine
31272,116.16,CCCCOC(=O)C,butyl acetate,butyl acetate
31276,130.18,CC(C)CCOC(=O)C,3-methylbutyl acetate,isoamyl acetate
31283,256.42,CCCCCCCCCCCCCC(=O)OCC,ethyl tetradecanoate,ethyl myristate
31284,242.40,CCCCCCCCCCCCCC(=O)OC,methyl tetradecanoate,methyl tetradecanoate
31289,142.24,CCCCCCCCC=O,nonanal,nonanal
31353,258.35,CC(=CCCC(C)(C=C)OC(=O)C1=CC=CC=C1)C,"3,7-dimethylocta-1,6-dien-3-yl benzoate",linalyl benzoate
31954,194.23,CCC(=O)OCCOC1=CC=CC=C1,2-phenoxyethyl propanoate,2-phenoxyethyl propionate
32065,134.18,CC1CCC2=NC=CN=C12,"5-methyl-6,7-dihydro-5H-cyclopenta[b]pyrazine",23747-48-0
32093,136.15,CC1=NC=CN=C1C(=O)C,1-(3-methylpyrazin-2-yl)ethanone,2-acetyl-3-methylpyrazine
32594,166.22,CC(C)CC1=NC=CN=C1OC,2-methoxy-3-(2-methylpropyl)pyrazine,2-isobutyl-3-methoxypyrazine
33032,147.13,C(CC(=O)O)[C@@H](C(=O)O)N,(2S)-2-aminopentanedioic acid,l-glutamic acid
33135,138.17,CCC1=NC=CN=C1OC,2-ethyl-3-methoxypyrazine,2-ethyl-3-methoxypyrazine
33637,122.16,CC1=CC=CC=C1OC,1-methoxy-2-methylbenzene,2-methylanisole
33931,142.15,CCC1C(=O)C(=C(O1)C)O,2-ethyl-4-hydroxy-5-methylfuran-3-one,27538-10-9
33960,166.22,CCCCCC1=CC=CC(=O)O1,6-pentylpyran-2-one,6-pentyl-2h-pyran-2-one
38679,104.17,CC(C(=O)C)S,3-sulfanylbutan-2-one,3-mercapto-2-butanone
47649,160.3,CC1=C(C=CO1)SSC,2-methyl-3-(methyldisulfanyl)furan,methyl 2-methyl-3-furyl disulfide
60979,180.20,CCOC(=O)C1=CC=C(C=C1)OC,ethyl 4-methoxybenzoate,ethyl 4-methoxybenzoate
60983,128.17,CCCCC(=O)C(=O)C,"heptane-2,3-dione","2,3-heptanedione"
60985,226.35,CC(C)C(=O)OCCC(C)CCC=C(C)C,"3,7-dimethyloct-6-enyl 2-methylpropanoate",citronellyl isobutyrate
60995,166.22,COC(CC1=CC=CC=C1)OC,"2,2-dimethoxyethylbenzene",phenylacetaldehyde dimethyl acetal
60997,226.27,CC1=CC=C(C=C1)OC(=O)CC2=CC=CC=C2,(4-methylphenyl) 2-phenylacetate,p-tolyl phenylacetate
60998,192.25,CC(C)COC(=O)CC1=CC=CC=C1,2-methylpropyl 2-phenylacetate,isobutyl phenylacetate
60999,226.27,C1=CC=C(C=C1)CC(=O)OCC2=CC=CC=C2,benzyl 2-phenylacetate,benzyl phenylacetate
61007,178.23,CC(=O)CCC1=CC=C(C=C1)OC,4-(4-methoxyphenyl)butan-2-one,4-(4-methoxyphenyl)-2-butanone
61015,256.42,CCCCCCCCCCCC(=O)OCCCC,butyl dodecanoate,butyl laurate
61016,140.22,CC(CCC=C(C)C)C=O,"2,6-dimethylhept-5-enal","2,6-dimethyl-5-heptenal"
61020,84.12,CC(=CC=O)C,3-methylbut-2-enal,3-methyl-2-butenal
61024,200.32,CCCCCCCCOC(=O)C(C)C,octyl 2-methylpropanoate,octyl isobutyrate
61027,240.38,CCCCOC(=O)CCCCCCCCC=C,butyl undec-10-enoate,butyl undec-10-enoate
61030,200.32,CCCCCCCCOC(=O)CCC,octyl butanoate,octyl butyrate
61040,182.26,CC(=CCCC(C)(C=C)OC=O)C,"3,7-dimethylocta-1,6-dien-3-yl formate",linalyl formate
61045,138.23,CC1=C(C(=CC=C1)C)S,"2,6-dimethylbenzenethiol","2,6-dimethylthiophenol"
61048,178.23,CC(C)COC(=O)C1=CC=CC=C1,2-methylpropyl benzoate,isobutyl benzoate
61052,192.25,CCC(=O)OCCCC1=CC=CC=C1,3-phenylpropyl propanoate,3-phenylpropyl propanoate
61054,166.17,COC1=CC=C(C=C1)COC=O,(4-methoxyphenyl)methyl formate,4-methoxybenzyl formate
61096,186.29,CCCCCCCCOC(=O)CC,octyl propanoate,octyl propionate
61098,210.31,CCC(=O)OC(C)(CCC=C(C)C)C=C,"3,7-dimethylocta-1,6-dien-3-yl propanoate",linalyl propionate
61137,158.24,CCCCC(=O)OCCCC,butyl pentanoate,butyl valerate
61151,166.17,COC1=CC=CC=C1C(=O)OC,methyl 2-methoxybenzoate,methyl 2-methoxybenzoate
61155,166.17,CC(=O)OC1=CC=CC=C1OC,(2-methoxyphenyl) acetate,2-methoxyphenyl acetate
61166,154.16,CCC(=O)OCC1=CC=CO1,furan-2-ylmethyl propanoate,furfuryl propionate
61171,104.17,CCSC(=O)C,S-ethyl ethanethioate,s-ethyl ethanethioate
61183,158.19,CCC(=O)OCC1CCCO1,oxolan-2-ylmethyl propanoate,tetrahydrofurfuryl propionate
61184,130.18,CCCC(=O)OC(C)C,propan-2-yl butanoate,isopropyl butyrate
61185,214.34,CCCCCCCC(=O)OCCCCC,pentyl octanoate,pentyl octanoate
61192,185.25,CC1=C(SC=N1)CCOC(=O)C,"2-(4-methyl-1,3-thiazol-5-yl)ethyl acetate",656-53-1
61199,142.15,CCC1C(=C(C(=O)O1)O)C,2-ethyl-4-hydroxy-3-methyl-2H-furan-5-one,698-10-2
61200,136.15,CC1=CC(=C(C=C1)C=O)O,2-hydroxy-4-methylbenzaldehyde,2-hydroxy-4-methylbenzaldehyde
61204,184.27,CCCCCCC1CCCC(=O)O1,6-hexyloxan-2-one,delta-undecalactone
61209,112.13,CC1CCC(=O)C1=O,"3-methylcyclopentane-1,2-dione","3-methylcyclopentane-1,2-dione"
61229,194.18,CC(=O)OC1=C(C=C(C=C1)C=O)OC,(4-formyl-2-methoxyphenyl) acetate,vanillin acetate
61235,142.24,CCCCCCC(=O)CC,nonan-3-one,3-nonanone
61282,156.25,CC(C)SCC1=CC=CO1,2-(propan-2-ylsulfanylmethyl)furan,furfuryl isopropyl sulfide
61293,160.21,CCCC(CC(=O)OCC)O,ethyl 3-hydroxyhexanoate,ethyl 3-hydroxyhexanoate
61294,256.42,CCCCCCCCOC(=O)CCCCCCC,octyl octanoate,octyl octanoate
61319,114.14,CCC(=O)OCC=C,prop-2-enyl propanoate,allyl propionate
61331,242.27,COC1=CC=CC=C1OC(=O)CC2=CC=CC=C2,(2-methoxyphenyl) 2-phenylacetate,guaiacyl phenylacetate
61334,170.16,CC1C(=O)C(=C(O1)C)OC(=O)C,"(2,5-dimethyl-4-oxofuran-3-yl) acetate",4166-20-5
61337,152.15,C=CCOC(=O)C1=CC=CO1,prop-2-enyl furan-2-carboxylate,allyl 2-furoate
61341,146.14,C1=CC=C2C(=C1)C=C(O2)C=O,1-benzofuran-2-carbaldehyde,4265-16-1
61375,156.22,CCC(=O)OC1CCCCC1,cyclohexyl propanoate,cyclohexyl propionate
61384,220.31,CCCCCC(=O)OCCC1=CC=CC=C1,2-phenylethyl hexanoate,2-phenylethyl hexanoate
61386,270.5,CCCCCCCCCCCC(=O)OCCC(C)C,3-methylbutyl dodecanoate,isoamyl laurate
61400,164.20,COC1=C(C=C(C=C1)C=C)OC,"4-ethenyl-1,2-dimethoxybenzene","3,4-dimethoxystyrene"
61403,208.30,CCCOC(C)OCCC1=CC=CC=C1,2-(1-propoxyethoxy)ethylbenzene,(2-(1-propoxyethoxy)ethyl)benzene
61408,156.22,CCC(CC)C(=O)OCC=C,prop-2-enyl 2-ethylbutanoate,allyl 2-ethylbutyrate
61416,240.38,CCCCC(=O)OCCC(C)CCC=C(C)C,"3,7-dimethyloct-6-enyl pentanoate",citronellyl valerate
61417,194.23,CCC(=O)OCC1=CC=C(C=C1)OC,(4-methoxyphenyl)methyl propanoate,anisyl propionate
61448,144.21,CCC(CC)COC(=O)C,2-ethylbutyl acetate,2-ethylbutyl acetate
61450,168.19,CCOC(=O)CCC1=CC=CO1,ethyl 3-(furan-2-yl)propanoate,10031-90-0
61455,186.29,CCCCCCOC(=O)CC(C)C,hexyl 3-methylbutanoate,hexyl isovalerate
61466,184.27,CCOC(=O)CCC1CCCCC1,ethyl 3-cyclohexylpropanoate,ethyl 3-cyclohexylpropanoate
61523,164.24,C1=CC=C(C=C1)CCCCCO,5-phenylpentan-1-ol,5-phenylpentan-1-ol
61527,138.16,CC1=CC(=C(O1)C)C(=O)C,"1-(2,5-dimethylfuran-3-yl)ethanone","3-acetyl-2,5-dimethylfuran"
61592,148.23,CCOC(=O)CCSC,ethyl 3-methylsulfanylpropanoate,13327-56-5
61631,170.25,CCCCCC=CCC(=O)OC,methyl non-3-enoate,methyl 3-nonenoate
61633,126.15,CC1CC(=O)C(=O)C1C,"3,4-dimethylcyclopentane-1,2-dione",13494-06-9
61634,126.15,CC1CC(C(=O)C1=O)C,"3,5-dimethylcyclopentane-1,2-dione","3,5-dimethyl-1,2-cyclopentanedione"
61641,134.20,COC(=O)CCSC,methyl 3-methylsulfanylpropanoate,methyl 3-(methylthio)propionate
61653,127.21,CC1=C(SC(=N1)C)C,"2,4,5-trimethyl-1,3-thiazole","2,4,5-trimethylthiazole"
61658,182.22,CC(C)CC(=O)OCC1=CC=CO1,furan-2-ylmethyl 3-methylbutanoate,furfuryl isovalerate
61660,156.20,CC(=O)SCC1=CC=CO1,S-(furan-2-ylmethyl) ethanethioate,furfuryl thioacetate
61663,126.18,CC1=CC=C(S1)C=O,5-methylthiophene-2-carbaldehyde,13679-70-4
61664,116.18,CC1C(=O)CCS1,2-methylthiolan-3-one,13679-85-1
61743,170.25,C=CCCCCCCCC(=O)O,dec-9-enoic acid,9-decenoic acid
61771,154.25,CCC(C)C1CCCCC1=O,2-butan-2-ylcyclohexan-1-one,2-sec-butylcyclohexanone
61808,141.24,CC1=CSC(=N1)C(C)C,"4-methyl-2-propan-2-yl-1,3-thiazole",2-isopropyl-4-methylthiazole
61812,158.24,CCCCOC(=O)C(C)CC,butyl 2-methylbutanoate,butyl 2-methylbutyrate
61814,134.17,CC1=CC(=C(C=C1)C=O)C,"2,4-dimethylbenzaldehyde","2,4-dimethylbenzaldehyde"
61840,172.26,CCCCC(CC)CCC(=O)O,4-ethyloctanoic acid,4-ethyloctanoic acid
61845,118.20,CC(CC=O)SC,3-methylsulfanylbutanal,3-(methylthio)butanal
61918,150.18,CCC1=NC=CN=C1C(=O)C,1-(3-ethylpyrazin-2-yl)ethanone,2-acetyl-3-ethylpyrazine
61922,118.20,CC(=O)CCSC,4-methylsulfanylbutan-2-one,4-methylthio-2-butanone
61955,182.22,CCCCC(=O)OCC1=CC=CO1,furan-2-ylmethyl pentanoate,furfuryl pentanoate
61982,186.32,CC1CCC(C(=O)C1)C(C)(C)S,5-methyl-2-(2-sulfanylpropan-2-yl)cyclohexan-1-one,p-mentha-8-thiol-3-one
61995,130.21,CCC(=O)SCC=C,S-prop-2-enyl propanethioate,allyl thiopropionate
62003,172.26,CCCCCC(C)CCC(=O)O,4-methylnonanoic acid,4-methylnonanoic acid
62013,190.31,CCCC(CCOC(=O)C)SC,3-methylsulfanylhexyl acetate,3-(methylthio)hexyl acetate
62024,142.20,CCOC(=O)C(C)CC=C,ethyl 2-methylpent-4-enoate,ethyl 2-methyl-4-pentenoate
62089,158.24,CCCCC(C)CCC(=O)O,4-methyloctanoic acid,4-methyloctanoic acid
62105,180.3,CC1(CSC(CS1)(C)O)O,"2,5-dimethyl-1,4-dithiane-2,5-diol","2,5-dimethyl-1,4-dithiane-2,5-diol"
62128,118.20,CC1C(CCO1)S,2-methyloxolane-3-thiol,57124-87-5
62131,160.3,CSSCC1=CC=CO1,2-[(methyldisulfanyl)methyl]furan,methyl furfuryl disulfide
62161,218.33,CC(=CCCC(=C)C=C)CCC=C(C)C=O,"2,6-dimethyl-10-methylidenedodeca-2,6,11-trienal",orange oil
62321,224.34,CCCC(=O)OC(C)(CCC=C(C)C)C=C,"3,7-dimethylocta-1,6-dien-3-yl butanoate",linalyl butyrate
62326,106.15,CC(C(=O)O)S,2-sulfanylpropanoic acid,2-mercaptopropionic acid
62328,210.31,CCC(=O)OC(C)(C)C1CCC(=CC1)C,2-(4-methylcyclohex-3-en-1-yl)propan-2-yl propanoate,terpinyl propionate
62332,242.27,C1=CC=C(C=C1)CCOC(=O)C2=CC=CC=C2O,2-phenylethyl 2-hydroxybenzoate,phenethyl salicylate
62334,198.30,CC(=O)OC1CCCCC1C(C)(C)C,(2-tert-butylcyclohexyl) acetate,2-tert-butylcyclohexyl acetate
62336,180.24,CC(C1=CC=CC=C1)C(OC)OC,"1,1-dimethoxypropan-2-ylbenzene",2-phenylpropionaldehyde dimethyl acetal
62341,164.20,CC(C1=CC=CC=C1)OC(=O)C,1-phenylethyl acetate,1-phenylethyl acetate
62348,154.16,COC1=C(C=CC(=C1)CO)O,4-(hydroxymethyl)-2-methoxyphenol,vanillyl alcohol
62351,147.3,CSCCCN=C=S,1-isothiocyanato-3-methylsulfanylpropane,3-(methylthio)propyl isothiocyanate
62374,152.19,CC1=CC(=O)CC(C1=O)(C)C,"2,6,6-trimethylcyclohex-2-ene-1,4-dione",1125-21-9
62375,152.19,COC(C1=CC=CC=C1)OC,dimethoxymethylbenzene,benzaldehyde dimethyl acetal
62378,166.26,CCCCCC1=C(CCC1=O)C,3-methyl-2-pentylcyclopent-2-en-1-one,dihydrojasmone
62385,132.20,CC1=CC=C(C=C1)C(=C)C,1-methyl-4-prop-1-en-2-ylbenzene,1195-32-0
62444,118.20,CCCC(=O)SC,S-methyl butanethioate,methyl thiobutyrate
62445,172.26,CCC(C)COC(=O)CC(C)C,2-methylbutyl 3-methylbutanoate,2-methylbutyl isovalerate
62465,152.19,CCC1=CC(=C(C=C1)O)OC,4-ethyl-2-methoxyphenol,4-ethyl-2-methoxyphenol
62510,113.18,CC1=C(SC=N1)C,"4,5-dimethyl-1,3-thiazole","4,5-dimethylthiazole"
62539,114.14,CCC(=O)C(=O)CC,"hexane-3,4-dione","3,4-hexanedione"
62553,178.23,CC(C)OC(=O)CC1=CC=CC=C1,propan-2-yl 2-phenylacetate,isopropyl phenylacetate
62572,132.16,CCOC(=O)CC(C)O,ethyl 3-hydroxybutanoate,ethyl 3-hydroxybutyrate
62578,220.31,CC(C)CC(=O)OCCCC1=CC=CC=C1,3-phenylpropyl 3-methylbutanoate,3-phenylpropyl isovalerate
62580,222.24,CC(C)C(=O)OCC1=CC2=C(C=C1)OCO2,"1,3-benzodioxol-5-ylmethyl 2-methylpropanoate",piperonyl isobutyrate
62583,170.25,CCCCC1CCCCC(=O)O1,7-butyloxepan-2-one,7-butyloxepan-2-one
62592,186.29,CCCCCCCOC(=O)CCC,heptyl butanoate,heptyl butyrate
62661,178.27,CC(C)CC(CC1=CC=CC=C1)O,4-methyl-1-phenylpentan-2-ol,4-methyl-1-phenyl-2-pentanol
62835,128.13,CC1C(=C(C(=O)O1)O)C,"4-hydroxy-2,3-dimethyl-2H-furan-5-one",28664-35-9
62900,156.22,CCCCC1C(CC(=O)O1)C,5-butyl-4-methyloxolan-2-one,whiskey lactone
62902,144.21,CCCC(C)C(=O)OCC,ethyl 2-methylpentanoate,ethyl 2-methylpentanoate
62907,211.34,CCNC(=O)C1CC(CCC1C(C)C)C,N-ethyl-5-methyl-2-propan-2-ylcyclohexane-1-carboxamide,39711-79-0
64805,192.21,CC(CC1=CC2=C(C=C1)OCO2)C=O,"3-(1,3-benzodioxol-5-yl)-2-methylpropanal",1205-17-0
65413,148.27,CCCC(CCO)SC,3-methylsulfanylhexan-1-ol,3-(methylthio)-1-hexanol
69320,121.18,CCCC1=CC=CC=N1,2-propylpyridine,2-propylpyridine
69460,133.19,C1CC2=CC=CC=C2NC1,"1,2,3,4-tetrahydroquinoline","1,2,3,4-tetrahydroquinoline"
74008,182.22,CCCCCOC(=O)C1=CC=CO1,pentyl furan-2-carboxylate,amyl 2-furoate
74096,128.17,CC(=O)OCCCC=C,pent-4-enyl acetate,4-pentenyl acetate
76654,168.62,C(C[C@@H](C(=O)O)N)CN.Cl,"(2S)-2,5-diaminopentanoic acid;hydrochloride",3184-13-2
78006,94.15,CC1=CCC=CC1,"1-methylcyclohexa-1,4-diene","1-methyl-1,4-cyclohexadiene"
78120,143.25,CCCCCCN=C=S,1-isothiocyanatohexane,hexyl isothiocyanate
78126,138.23,C1=CC=C(C=C1)CCS,2-phenylethanethiol,2-phenylethanethiol
78199,134.20,CCOC(=O)CSC,ethyl 2-methylsulfanylacetate,ethyl (methylthio)acetate
78435,196.20,CC1=CC(=C(C(=C1C(=O)OC)O)C)O,"methyl 2,4-dihydroxy-3,6-dimethylbenzoate","methyl 2,4-dihydroxy-3,6-dimethylbenzoate"
78925,92.16,CSCCO,2-methylsulfanylethanol,2-(methylthio)ethanol
79148,122.3,C(CCS)CS,"butane-1,4-dithiol","1,4-butanedithiol"
79406,166.22,COC1=CC=C(C=C1)CCCO,3-(4-methoxyphenyl)propan-1-ol,3-(4-methoxyphenyl)propan-1-ol
82227,136.23,CC1=CC[C@@H]2C[C@H]1C2(C)C,"(1R,5R)-2,6,6-trimethylbicyclo[3.1.1]hept-2-ene",(+)-alpha-pinene
82229,152.23,C[C@@]12CC[C@@H](C1)C(C2=O)(C)C,"(1R,4S)-1,3,3-trimethylbicyclo[2.2.1]heptan-2-one", einecs 232-107-5
85224,136.19,CCCC1=NC=CN=C1C,2-methyl-3-propylpyrazine,2-methyl-3-propylpyrazine
85522,120.17,COC(=O)CSC,methyl 2-methylsulfanylacetate,methyl (methylthio)acetate
86733,144.21,CC1COC(O1)CC(C)C,"4-methyl-2-(2-methylpropyl)-1,3-dioxolane","2-isobutyl-4-methyl-1,3-dioxolane"
86751,158.28,CCC(C)CCCC(C)(C)O,"2,6-dimethyloctan-2-ol","2,6-dimethyloctan-2-ol"
88301,152.23,CC1([C@H]2CC=C([C@@H]1C2)CO)C,"[(1R,5S)-6,6-dimethyl-2-bicyclo[3.1.1]hept-2-enyl]methanol",(-)-myrtenol
88454,158.24,CCCCCCOC(=O)CC,hexyl propanoate,hexyl propionate
90984,170.32,CC1(C2CCC(C1C2)(C)S)C,"2,6,6-trimethylbicyclo[3.1.1]heptane-2-thiol",2-mercaptopinane
91497,258.4,CC1COCC2=CC3=C(C=C12)C(C(C3(C)C)C)(C)C,"4,6,6,7,8,8-hexamethyl-1,3,4,7-tetrahydrocyclopenta[g]isochromene",galaxolide
92874,150.22,CC1=CC(=O)[C@H]2C[C@@H]1C2(C)C,"(1S,5S)-4,6,6-trimethylbicyclo[3.1.1]hept-3-en-2-one",(-)-verbenone
93009,196.29,CC(=O)O[C@@H]1C[C@@H]2CC[C@]1(C2(C)C)C,"[(1S,2R,4S)-1,7,7-trimethyl-2-bicyclo[2.2.1]heptanyl] acetate",(-)-bornyl acetate
94349,166.22,CC1CCC2=C(C(=O)OC2C1)C,"3,6-dimethyl-5,6,7,7a-tetrahydro-4H-1-benzofuran-2-one",isomintlactone
95392,188.22,CCOC(=O)CC1(OCC(O1)C)C,"ethyl 2-(2,4-dimethyl-1,3-dioxolan-2-yl)acetate",6290-17-1
98218,130.18,CCCC1OCC(O1)C,"4-methyl-2-propyl-1,3-dioxolane","4-methyl-2-propyl-1,3-dioxolane"
98330,152.2,C1C(SCC(S1)O)O,"1,4-dithiane-2,5-diol","1,4-dithiane-2,5-diol"
101010,160.28,CCCC1CCOC(S1)C,"2-methyl-4-propyl-1,3-oxathiane","2-methyl-4-propyl-1,3-oxathiane"
101989,274.4,C[C@]12CC[C@H]3[C@H]([C@@H]1CC=C2)CC[C@@H]4[C@@]3(CC[C@H](C4)O)C,"(3R,5S,8R,9S,10S,13R,14S)-10,13-dimethyl-2,3,4,5,6,7,8,9,11,12,14,15-dodecahydro-1H-cyclopenta[a]phenanthren-3-ol",androstenol
102861,226.31,CCCCCC1C(CCC1=O)CC(=O)OC,methyl 2-(3-oxo-2-pentylcyclopentyl)acetate,methyl dihydrojasmonate
103034,149.23,C[C@H](C1=CC=CC=C1)N(C)C,"(1R)-N,N-dimethyl-1-phenylethanamine",19342-01-9
103404,138.17,CCOCC1=NC=CN=C1,2-(ethoxymethyl)pyrazine,"pyrazine, 2-ethoxymethyl-"
103589,160.21,CCCCC(C(=O)OCC)O,ethyl 2-hydroxyhexanoate,ethyl 2-hydroxyhexanoate
104721,150.18,CC1=CN=C(C(=N1)C)C(=O)C,"1-(3,5-dimethylpyrazin-2-yl)ethanone","2-acetyl-3,5-dimethylpyrazine"
106997,182.30,CCC1(C(C2CCC1(C2)C)(C)C)O,"2-ethyl-1,3,3-trimethylbicyclo[2.2.1]heptan-2-ol",2-ethylfenchol
107217,196.29,CC(=O)OC1C(C2CCC1(C2)C)(C)C,"(1,3,3-trimethyl-2-bicyclo[2.2.1]heptanyl) acetate",fenchyl acetate
108765,156.20,CC1=C(C=CO1)SC(=O)C,S-(2-methylfuran-3-yl) ethanethioate,55764-25-5
111037,196.29,CC1=CCC(CC1)C(C)(C)OC(=O)C,2-(4-methylcyclohex-3-en-1-yl)propan-2-yl acetate,terpinyl acetate
145742,115.13,C1C[C@H](NC1)C(=O)O,(2S)-pyrrolidine-2-carboxylic acid,l-proline
159055,152.23,C[C@@]12CC[C@@H](C1(C)C)CC2=O,"(1R,4R)-1,7,7-trimethylbicyclo[2.2.1]heptan-2-one",d-camphor
161875,238.41,CCCCCCCCCCCCC1CCC1=O,2-dodecylcyclobutan-1-one,2-dodecylcyclobutanone
169110,129.18,CC(=O)C1=NCCS1,"1-(4,5-dihydro-1,3-thiazol-2-yl)ethanone",2-acetyl-2-thiazoline
170833,154.25,C[C@@H]1CC[C@H]([C@@H](C1)O)C(=C)C,"(1R,2S,5R)-5-methyl-2-prop-1-en-2-ylcyclohexan-1-ol",(-)-isopulegol
219672,176.25,CC(C)CC(=O)CC1=CC=CC=C1,4-methyl-1-phenylpentan-2-one,4-methyl-1-phenylpentan-2-one
220674,198.30,C[C@@H]1CC[C@H]([C@@H](C1)OC(=O)C)C(C)C,"[(1R,2S,5R)-5-methyl-2-propan-2-ylcyclohexyl] acetate",l-menthyl acetate
226486,194.23,COC1=CC(=CC(=C1O)OC)CC=C,"2,6-dimethoxy-4-prop-2-enylphenol","4-allyl-2,6-dimethoxyphenol"
228604,112.17,CC(=C)CCC(=O)C,5-methylhex-5-en-2-one,5-methyl-5-hexen-2-one
228769,214.34,CCCCCCCCOC(=O)CC(C)C,octyl 3-methylbutanoate,octyl isovalerate
229385,214.34,CCCCCCCCCCOC(=O)CC,decyl propanoate,decyl propionate
229387,228.37,CCCCCCCCCCOC(=O)CCC,decyl butanoate,decyl butyrate
229888,248.36,CCCCCCCC(=O)OCCC1=CC=CC=C1,2-phenylethyl octanoate,phenethyl octanoate
234237,202.29,CCCCCCC(CCOC(=O)C)O,3-hydroxynonyl acetate,3-hydroxynonyl acetate
238498,158.19,CCCC(=O)CC(=O)OCC,ethyl 3-oxohexanoate,ethyl 3-oxohexanoate
240119,238.37,CC(C)CC(=O)OC(C)(CCC=C(C)C)C=C,"3,7-dimethylocta-1,6-dien-3-yl 3-methylbutanoate",linalyl isovalerate
240925,168.19,CC1=CC(=C(C(=C1)OC)O)OC,"2,6-dimethoxy-4-methylphenol","2,6-dimethoxy-4-methylphenol"
243783,170.25,CCCC(=O)OC1CCCCC1,cyclohexyl butanoate,cyclohexyl butyrate
246728,128.21,CCCCCC(=O)CC,octan-3-one,3-octanone
248488,192.4,C(CCCCS)CCCCS,"nonane-1,9-dithiol","1,9-nonanedithiol"
251531,216.23,C1=CC=C(C=C1)CCOC(=O)C2=CC=CO2,2-phenylethyl furan-2-carboxylate,phenethyl 2-furoate
287439,184.27,CC(C)CC(=O)OC1CCCCC1,cyclohexyl 3-methylbutanoate,cyclohexyl isovalerate
369312,152.23,CC(=C)[C@H]1CCC(=CC1)CO,[(4S)-4-prop-1-en-2-ylcyclohexen-1-yl]methanol,(-)-perillyl alcohol
429065,114.14,CCOC(=O)/C=C/C,ethyl (E)-but-2-enoate,ethyl crotonate
439250,136.23,CC1=CC[C@H](CC1)C(=C)C,(4S)-1-methyl-4-prop-1-en-2-ylcyclohexene,(-)-limonene
439570,150.22,CC1=CC[C@H](CC1=O)C(=C)C,(5R)-2-methyl-5-prop-1-en-2-ylcyclohex-2-en-1-one,(-)-carvone
440967,136.23,CC1([C@H]2CCC(=C)[C@@H]1C2)C,"(1S,5S)-6,6-dimethyl-2-methylidenebicyclo[3.1.1]heptane",(-)-beta-pinene
441246,170.25,CC(=C)[C@@H]1CC[C@]([C@H](C1)O)(C)O,"(1S,2S,4R)-1-methyl-4-prop-1-en-2-ylcyclohexane-1,2-diol","(1s,2s,4r)-limonene-1,2-diol"
442495,152.23,C[C@@H]1CCC(=C(C)C)C(=O)C1,(5R)-5-methyl-2-propan-2-ylidenecyclohexan-1-one,(+)-pulegone
443158,154.25,CC(=CCC[C@](C)(C=C)O)C,"(3R)-3,7-dimethylocta-1,6-dien-3-ol",(-)-linalool
443162,154.25,CC1=CC[C@H](CC1)C(C)(C)O,2-[(1S)-4-methylcyclohex-3-en-1-yl]propan-2-ol,(-)-alpha-terpineol
443314,522.7,CCCCCCCCCCCC(=O)OCCOCC(C1C(C(CO1)OCCO)OCCO)OCCO,"2-[2-[3,4-bis(2-hydroxyethoxy)oxolan-2-yl]-2-(2-hydroxyethoxy)ethoxy]ethyl dodecanoate",tween 20
443315,604.8,CCCCCCCCC=CCCCCCCCC(=O)OCCOCC(C1C(C(CO1)OCCO)OCCO)OCCO,"2-[2-[3,4-bis(2-hydroxyethoxy)oxolan-2-yl]-2-(2-hydroxyethoxy)ethoxy]ethyl octadec-9-enoate",9005-65-6
444041,1135.0,C([C@@H]1[C@@H]2[C@@H]([C@H]([C@H](O1)O[C@@H]3[C@H](O[C@@H]([C@@H]([C@H]3O)O)O[C@@H]4[C@H](O[C@@H]([C@@H]([C@H]4O)O)O[C@@H]5[C@H](O[C@@H]([C@@H]([C@H]5O)O)O[C@@H]6[C@H](O[C@@H]([C@@H]([C@H]6O)O)O[C@@H]7[C@H](O[C@@H]([C@@H]([C@H]7O)O)O[C@@H]8[C@H](O[C@H](O2)[C@@H]([C@H]8O)O)CO)CO)CO)CO)CO)CO)O)O)O,"(1S,3R,5R,6S,8R,10R,11S,13R,15R,16S,18R,20R,21S,23R,25R,26S,28R,30R,31S,33R,35R,36R,37R,38R,39R,40R,41R,42R,43R,44R,45R,46R,47R,48R,49R)-5,10,15,20,25,30,35-heptakis(hydroxymethyl)-2,4,7,9,12,14,17,19,22,24,27,29,32,34-tetradecaoxaoctacyclo[31.2.2.23,6.28,11.213,16.218,21.223,26.228,31]nonatetracontane-36,37,38,39,40,41,42,43,44,45,46,47,48,49-tetradecol",beta-cyclodextrin
444539,148.16,C1=CC=C(C=C1)/C=C/C(=O)O,(E)-3-phenylprop-2-enoic acid,cinnamic acid
444972,116.07,C(=C/C(=O)O)\C(=O)O,(E)-but-2-enedioic acid,fumaric acid
445070,222.37,CC(=CCC/C(=C/CC/C(=C/CO)/C)/C)C,"(2E,6E)-3,7,11-trimethyldodeca-2,6,10-trien-1-ol",farnesol
445639,282.5,CCCCCCCC/C=C\CCCCCCCC(=O)O,(Z)-octadec-9-enoic acid,oleic acid
445858,194.18,COC1=C(C=CC(=C1)/C=C/C(=O)O)O,(E)-3-(4-hydroxy-3-methoxyphenyl)prop-2-enoic acid,ferulic acid
459494,197.27,C1=CC=C(C=C1)CCCC2=CC=CC=N2,2-(3-phenylpropyl)pyridine,2-(3-phenylpropyl)pyridine
494311,196.29,CC1CCC(C(C1)OC(=O)C)C(=C)C,(5-methyl-2-prop-1-en-2-ylcyclohexyl) acetate,isopulegol acetate
517827,190.28,CC(C)C1=CC=C(C=C1)CC(C)C=O,2-methyl-3-(4-propan-2-ylphenyl)propanal,103-95-7
518937,128.19,CSCC1=CC=CO1,2-(methylsulfanylmethyl)furan,furfuryl methyl sulfide
519382,194.31,CC1=C(C(CCC1)(C)C)CCC(=O)C,"4-(2,6,6-trimethylcyclohexen-1-yl)butan-2-one",dihydro-beta-ionone
519539,141.24,CCC(C)C1=NC=CS1,"2-butan-2-yl-1,3-thiazole",18277-27-5
519709,134.20,CCOC(=O)C(C)S,ethyl 2-sulfanylpropanoate,ethyl 2-mercaptopropionate
519786,158.24,CC(C)CCOC(=O)C(C)C,3-methylbutyl 2-methylpropanoate,isoamyl isobutyrate
519890,130.18,CCCC(C)C(=O)OC,methyl 2-methylpentanoate,methyl 2-methylpentanoate
519907,126.18,CSC1=NC=CN=C1,2-methylsulfanylpyrazine,2-methylthiopyrazine
520098,166.22,CCC(C)C1=NC=CN=C1OC,2-butan-2-yl-3-methoxypyrazine,24168-70-5
520108,127.17,CC(=O)C1=NC=CS1,"1-(1,3-thiazol-2-yl)ethanone",2-acetylthiazole
520148,206.28,CCC(C)C(=O)OCCC1=CC=CC=C1,2-phenylethyl 2-methylbutanoate,24817-51-4
520191,154.23,CC1=CC(=C(S1)C)C(=O)C,"1-(2,5-dimethylthiophen-3-yl)ethanone","3-acetyl-2,5-dimethylthiophene"
520326,172.26,CCC(C)C(=O)OCCC(C)C,3-methylbutyl 2-methylbutanoate,27625-35-0
520567,164.25,CCC(C)C1=CN=C(C(=N1)C)C,"5-butan-2-yl-2,3-dimethylpyrazine","5-(sec-butyl)-2,3-dimethylpyrazine"
521238,172.26,CCCCCC(CC)OC(=O)C,octan-3-yl acetate,3-octyl acetate
522673,224.34,CC1=CCC(CC1)C(C)(C)OC(=O)C(C)C,2-(4-methylcyclohex-3-en-1-yl)propan-2-yl 2-methylpropanoate,terpinyl isobutyrate
522674,116.2,C1=CSC(=C1)S,thiophene-2-thiol,thiophene-2-thiol
522676,228.37,CCCCCCCCC(=O)OCCC(C)C,3-methylbutyl nonanoate,3-methylbutyl nonanoate
528108,164.25,CC1=NC=C(N=C1C)CC(C)C,"2,3-dimethyl-5-(2-methylpropyl)pyrazine","5-isobutyl-2,3-dimethylpyrazine"
529253,158.19,CCCC(=O)OC(C)C(=O)C,3-oxobutan-2-yl butanoate,1-methyl-2-oxopropyl butyrate
537682,158.19,CC(C)CCOC(=O)C(=O)C,3-methylbutyl 2-oxopropanoate,isoamyl pyruvate
539829,222.24,CC(C)C(=O)OC1=C(C=C(C=C1)C=O)OC,(4-formyl-2-methoxyphenyl) 2-methylpropanoate,vanillin isobutyrate
540124,174.24,CC(C)C=C(C=O)C1=CC=CC=C1,4-methyl-2-phenylpent-2-enal,4-methyl-2-phenyl-2-pentenal
543664,114.14,COC(=O)CCC=C,methyl pent-4-enoate,methyl pent-4-enoate
548353,122.3,CC(C(C)S)S,"butane-2,3-dithiol","2,3-butanedithiol"
549519,114.14,CC(CC=C)C(=O)O,2-methylpent-4-enoic acid,2-methyl-4-pentenoic acid
551316,172.22,CCCC(=O)OCC1CCCO1,oxolan-2-ylmethyl butanoate,tetrahydrofurfuryl butyrate
556940,214.28,CCOC(=O)CCSCC1=CC=CO1,ethyl 3-(furan-2-ylmethylsulfanyl)propanoate,ethyl 3-(furfurylthio)propionate
565690,240.38,CC1CCC(C(C1)OC(=O)CC(C)C)C(C)C,(5-methyl-2-propan-2-ylcyclohexyl) 3-methylbutanoate,menthyl isovalerate
566940,266.5,CCCCCCCCCCCCCCC1CCC1=O,2-tetradecylcyclobutan-1-one,2-tetradecylcyclobutanone
570574,192.25,CCCC(=O)OC(C)C1=CC=CC=C1,1-phenylethyl butanoate,alpha-methylbenzyl butyrate
576240,206.28,CC(C)C(=O)OCC(C)C1=CC=CC=C1,2-phenylpropyl 2-methylpropanoate,2-phenylpropyl isobutyrate
576263,206.28,CCCC(=O)OCC(C)C1=CC=CC=C1,2-phenylpropyl butanoate,2-phenylpropyl butyrate
578423,224.34,CCCC(=O)OC(C)(C)C1CCC(=CC1)C,2-(4-methylcyclohex-3-en-1-yl)propan-2-yl butanoate,2153-28-8
595928,164.20,CC1COC(O1)C2=CC=CC=C2,"4-methyl-2-phenyl-1,3-dioxolane","4-methyl-2-phenyl-1,3-dioxolane"
605629,206.28,CC(C)(C)C1=CC=C(C=C1)CC(=O)OC,methyl 2-(4-tert-butylphenyl)acetate,3549-23-3
636687,138.21,CC/C=C/CC/C=C/C=O,"(2E,6E)-nona-2,6-dienal","(2e,6e)-nona-2,6-dienal"
637511,132.16,C1=CC=C(C=C1)/C=C/C=O,(E)-3-phenylprop-2-enal,cinnamaldehyde
637520,162.18,COC(=O)/C=C/C1=CC=CC=C1,methyl (E)-3-phenylprop-2-enoate,methyl cinnamate
637564,96.13,C/C=C/C=C/C=O,"(2E,4E)-hexa-2,4-dienal","2,4-hexadienal"
637758,176.21,CCOC(=O)/C=C/C1=CC=CC=C1,ethyl (E)-3-phenylprop-2-enoate,ethyl cinnamate
637759,146.19,CC(=O)/C=C/C1=CC=CC=C1,(E)-4-phenylbut-3-en-2-one,benzylideneacetone
637776,178.23,C/C=C/C1=CC(=C(C=C1)OC)OC,"1,2-dimethoxy-4-[(E)-prop-1-enyl]benzene",methylisoeugenol
638011,152.23,CC(=CCC/C(=C/C=O)/C)C,"(2E)-3,7-dimethylocta-2,6-dienal",citral
638014,192.30,CC1=C(C(CCC1)(C)C)/C=C/C(=O)C,"(E)-4-(2,6,6-trimethylcyclohexen-1-yl)but-3-en-2-one",beta-ionone
638024,285.34,C1CCN(CC1)C(=O)/C=C/C=C/C2=CC3=C(C=C2)OCO3,"(2E,4E)-5-(1,3-benzodioxol-5-yl)-1-piperidin-1-ylpenta-2,4-dien-1-one",piperine
638122,100.12,CC/C=C/C(=O)O,(E)-pent-2-enoic acid,trans-2-pentenoic acid
641248,100.16,C/C=C/CCCO,(E)-hex-4-en-1-ol,4-hexen-1-ol
641294,162.18,COC1=CC=C(C=C1)/C=C/C=O,(E)-3-(4-methoxyphenyl)prop-2-enal,4-methoxycinnamaldehyde
641298,162.18,COC1=CC=CC=C1/C=C/C=O,(E)-3-(2-methoxyphenyl)prop-2-enal,2-methoxycinnamaldehyde
641423,188.22,C=CCOC(=O)/C=C/C1=CC=CC=C1,prop-2-enyl (E)-3-phenylprop-2-enoate,allyl cinnamate
641834,106.19,C[C@H]([C@H](C)S)O,"(2R,3S)-3-sulfanylbutan-2-ol",37887-04-0
643460,112.13,C/C=C/C=C/C(=O)O,"(2E,4E)-hexa-2,4-dienoic acid",sorbic acid
643731,138.21,CC/C=C\CC/C=C/C=O,"(2E,6Z)-nona-2,6-dienal","trans-2,cis-6-nonadienal"
643820,154.25,CC(=CCC/C(=C\CO)/C)C,"(2Z)-3,7-dimethylocta-2,6-dien-1-ol",nerol
643941,98.14,CC/C=C\CC=O,(Z)-hex-3-enal,cis-3-hexenal
764139,254.32,C/C=C/C1=CC(=C(C=C1)OCC2=CC=CC=C2)OC,2-methoxy-1-phenylmethoxy-4-[(E)-prop-1-enyl]benzene,120-11-6
778574,204.26,CC(C)COC(=O)/C=C/C1=CC=CC=C1,2-methylpropyl (E)-3-phenylprop-2-enoate,isobutyl cinnamate
853433,164.20,C/C=C/C1=CC(=C(C=C1)O)OC,2-methoxy-4-[(E)-prop-1-enyl]phenol,isoeugenol
876160,206.24,C/C=C/C1=CC(=C(C=C1)OC(=O)C)OC,[2-methoxy-4-[(E)-prop-1-enyl]phenyl] acetate,acetylisoeugenol
929336,208.30,CC(=O)OCCC1=CC[C@H]2C[C@@H]1C2(C)C,"2-[(1R,5S)-6,6-dimethyl-2-bicyclo[3.1.1]hept-2-enyl]ethyl acetate",(-)-nopyl acetate
1549018,164.24,CC/C=C\CC1=C(CCC1=O)C,3-methyl-2-[(Z)-pent-2-enyl]cyclopent-2-en-1-one,cis-jasmone
1549026,196.29,CC(=CCC/C(=C/COC(=O)C)/C)C,"[(2E)-3,7-dimethylocta-2,6-dienyl] acetate",geranyl acetate
1549521,122.12,C1=COC(=C1)/C=C/C=O,(E)-3-(furan-2-yl)prop-2-enal,3-(2-furyl)acrolein
1549778,194.31,CC(=CCC/C(=C/CCC(=O)C)/C)C,"(5E)-6,10-dimethylundeca-5,9-dien-2-one",geranylacetone
1550470,140.18,CCOC(=O)/C=C/C=C/C,"ethyl (2E,4E)-hexa-2,4-dienoate",ethyl sorbate
1550884,216.32,CCCCCC/C(=C\C1=CC=CC=C1)/C=O,(2E)-2-benzylideneoctanal,alpha-hexylcinnamaldehyde
1550890,264.3,C1=CC=C(C=C1)/C=C/COC(=O)/C=C/C2=CC=CC=C2,[(E)-3-phenylprop-2-enyl] (E)-3-phenylprop-2-enoate,cinnamyl cinnamate
1551246,149.23,CC(=CCC/C(=C/C#N)/C)C,"(2E)-3,7-dimethylocta-2,6-dienenitrile","3,7-dimethylocta-2,6-dienenitrile"
1712058,202.29,CCCCC/C(=C/C1=CC=CC=C1)/C=O,(2Z)-2-benzylideneheptanal,2-benzylideneheptanal
1742210,220.35,C[C@@]12CC[C@@H]3[C@H](CC3(C)C)C(=C)CC[C@H]1O2,"(1R,4R,6R,10S)-4,12,12-trimethyl-9-methylidene-5-oxatricyclo[8.2.0.04,6]dodecane",caryophyllene oxide
2724059,138.10,CC(C)C(=O)C(=O)[O-].[Na+],sodium;3-methyl-2-oxobutanoate,sodium 3-methyl-2-oxobutanoate
2724159,150.22,CC(=C)[C@H]1CCC(=CC1)C=O,(4S)-4-prop-1-en-2-ylcyclohexene-1-carbaldehyde,18031-40-8
2733294,142.20,CCC/C=C/COC(=O)C,[(E)-hex-2-enyl] acetate,trans-2-hexenyl acetate
3034463,138.21,CC1C=CCCC1(C)C=O,"1,2-dimethylcyclohex-3-ene-1-carbaldehyde",ivy carbaldehyde
3321360,126.15,CC1CCCC(=O)C1=O,"3-methylcyclohexane-1,2-dione","3-methylcyclohexane-1,2-dione"
3479589,413.3,CC(C)(C1=CC=C(C=C1)OCC(CCl)O)C2=CC=C(C=C2)OCC(CCl)O,1-chloro-3-[4-[2-[4-(3-chloro-2-hydroxypropoxy)phenyl]propan-2-yl]phenoxy]propan-2-ol,4809-35-2
3578033,152.19,CC1=CC=C(O1)C(C)CC=O,3-(5-methylfuran-2-yl)butanal,31704-80-0
3591866,252.39,C1CCCCC=CCCCCC(=O)OCCCC1,1-oxacycloheptadec-7-en-2-one,1-oxacycloheptadec-7-en-2-one
3734338,138.23,CCC1=CC=CC=C1S,2-ethylbenzenethiol,2-ethylbenzenethiol
4120025,171.31,CC1C(=NC(S1)CC(C)C)C,"4,5-dimethyl-2-(2-methylpropyl)-2,5-dihydro-1,3-thiazole",65894-83-9
5084146,210.27,CCCCOCC1=CC(=C(C=C1)O)OC,4-(butoxymethyl)-2-methoxyphenol,vanillyl butyl ether
5271566,172.18,CCOC(=O)/C=C\C(=O)OCC,diethyl (Z)-but-2-enedioate,diethyl maleate
5273464,190.24,CC(C)OC(=O)/C=C/C1=CC=CC=C1,propan-2-yl (E)-3-phenylprop-2-enoate,isopropyl cinnamate
5273467,218.29,CC(C)CCOC(=O)/C=C/C1=CC=CC=C1,3-methylbutyl (E)-3-phenylprop-2-enoate,isopentyl cinnamate
5273469,238.28,C1=CC=C(C=C1)COC(=O)/C=C/C2=CC=CC=C2,benzyl (E)-3-phenylprop-2-enoate,benzyl cinnamate
5275520,168.23,CC(=CCC/C(=C/C(=O)O)/C)C,"(2E)-3,7-dimethylocta-2,6-dienoic acid",geranic acid
5280443,270.24,C1=CC(=CC=C1C2=CC(=O)C3=C(C=C(C=C3O2)O)O)O,"5,7-dihydroxy-2-(4-hydroxyphenyl)chromen-4-one",apigenin
5280450,280.4,CCCCC/C=C\C/C=C\CCCCCCCC(=O)O,"(9Z,12Z)-octadeca-9,12-dienoic acid",linoleic acid
5281162,196.29,CCCCC/C=C\C=C\C(=O)OCC,"ethyl (2E,4Z)-deca-2,4-dienoate",3025-30-7
5281163,128.17,CCOC(=O)/C(=C/C)/C,ethyl (E)-2-methylbut-2-enoate,ethyl tiglate
5281167,100.16,CC/C=C\CCO,(Z)-hex-3-en-1-ol,cis-3-hexen-1-ol
5281168,98.14,CCC/C=C/C=O,(E)-hex-2-enal,trans-2-hexenal
5281515,204.35,C/C/1=C\CCC(=C)[C@H]2CC([C@@H]2CC1)(C)C,"(1R,4E,9S)-4,11,11-trimethyl-8-methylidenebicyclo[7.2.0]undec-4-ene",beta-caryophyllene
5282108,192.30,CC1=CCCC(C1/C=C/C(=O)C)(C)C,"(E)-4-(2,6,6-trimethylcyclohex-2-en-1-yl)but-3-en-2-one",alpha-ionone
5282109,182.26,CC(=CCC/C(=C/COC=O)/C)C,"[(2E)-3,7-dimethylocta-2,6-dienyl] formate",geranyl formate
5282110,176.21,CC(=O)OC/C=C/C1=CC=CC=C1,[(E)-3-phenylprop-2-enyl] acetate,cinnamyl acetate
5282708,114.14,CC/C=C/CC(=O)O,(E)-hex-3-enoic acid,trans-3-hexenoic acid
5282714,142.20,CCCCC/C=C/C(=O)O,(E)-oct-2-enoic acid,trans-2-octenoic acid
5283316,112.17,CCCC/C=C/C=O,(E)-hept-2-enal,trans-2-heptenal
5283321,110.15,CC/C=C/C=C/C=O,"(2E,4E)-hepta-2,4-dienal","2,4-heptadienal"
5283324,126.20,CCCCC/C=C/C=O,(E)-oct-2-enal,trans-2-octenal
5283335,140.22,CCCCCC/C=C/C=O,(E)-non-2-enal,trans-2-nonenal
5283339,138.21,CCCC/C=C/C=C/C=O,"(2E,4E)-nona-2,4-dienal","trans,trans-2,4-nonadienal"
5283345,154.25,CCCCCCC/C=C/C=O,(E)-dec-2-enal,trans-2-decenal
5283356,168.28,CCCCCCCC/C=C/C=O,(E)-undec-2-enal,trans-2-undecenal
5283361,182.30,CCCCCCCCC/C=C/C=O,(E)-dodec-2-enal,trans-2-dodecenal
5283363,196.33,CCCCCCCCCC/C=C/C=O,(E)-tridec-2-enal,2-tridecenal
5284503,100.16,CC/C=C/CCO,(E)-hex-3-en-1-ol,trans-3-hexen-1-ol
5284507,222.37,CC(=CCC/C(=C/CCC(C)(C=C)O)/C)C,"(6E)-3,7,11-trimethyldodeca-1,6,10-trien-3-ol",nerolidol
5311110,150.13,C([C@H]([C@H]([C@H](C=O)O)O)O)O,"(2R,3R,4R)-2,3,4,5-tetrahydroxypentanal",50-69-1
5315892,134.17,C1=CC=C(C=C1)/C=C/CO,(E)-3-phenylprop-2-en-1-ol,cinnamyl alcohol
5318042,100.16,CCC/C=C/CO,(E)-hex-2-en-1-ol,trans-2-hexen-1-ol
5318599,128.21,CCCCC/C=C/CO,(E)-oct-2-en-1-ol,trans-2-octen-1-ol
5319754,98.14,CC/C=C(\C)/C=O,(E)-2-methylpent-2-enal,2-methyl-2-pentenal
5319765,154.3,CCCSSSC,1-(methyltrisulfanyl)propane,methyl propyl trisulfide
5324489,100.16,CCC/C=C\CO,(Z)-hex-2-en-1-ol,cis-2-hexen-1-ol
5352162,224.34,CCCC(=O)OC/C=C(/C)\CCC=C(C)C,"[(2Z)-3,7-dimethylocta-2,6-dienyl] butanoate",neryl butyrate
5352435,198.30,CC(=CCC/C(=C/C(OC)OC)/C)C,"(2E)-1,1-dimethoxy-3,7-dimethylocta-2,6-diene",citral dimethyl acetal
5352438,170.25,CCCC(=O)OCC/C=C\CC,[(Z)-hex-3-enyl] butanoate,cis-3-hexenyl butyrate
5352461,170.25,CCC/C=C/COC(=O)CCC,[(E)-hex-2-enyl] butanoate,trans-2-hexenyl butyrate
5352539,170.25,CC/C=C\CCOC(=O)C(C)C,[(Z)-hex-3-enyl] 2-methylpropanoate,cis-3-hexenyl isobutyrate
5352543,198.30,CCCCCC(=O)OCC/C=C\CC,[(Z)-hex-3-enyl] hexanoate,cis-3-hexenyl hexanoate
5352799,170.25,CCC/C=C/CCC(=O)OCC,ethyl (E)-oct-4-enoate,ethyl trans-4-octenoate
5352837,128.21,CC/C=C\CCCCO,(Z)-oct-5-en-1-ol,cis-5-octen-1-ol
5354883,162.18,C1=CC=C(C=C1)/C=C/COC=O,[(E)-3-phenylprop-2-enyl] formate,cinnamyl formate
5355254,204.26,CCCC(=O)OC/C=C/C1=CC=CC=C1,[(E)-3-phenylprop-2-enyl] butanoate,cinnamyl butyrate
5355850,190.24,CCC(=O)OC/C=C/C1=CC=CC=C1,[(E)-3-phenylprop-2-enyl] propanoate,cinnamyl propionate
5355851,204.26,CC(C)C(=O)OC/C=C/C1=CC=CC=C1,[(E)-3-phenylprop-2-enyl] 2-methylpropanoate,cinnamyl isobutyrate
5355853,210.31,CCC(=O)OC/C=C(\C)/CCC=C(C)C,"[(2E)-3,7-dimethylocta-2,6-dienyl] propanoate",geranyl propionate
5355855,218.29,CC(C)CC(=O)OC/C=C/C1=CC=CC=C1,[(E)-3-phenylprop-2-enyl] 3-methylbutanoate,cinnamyl isovalerate
5357002,204.26,C/C=C(\C)/C(=O)OCCC1=CC=CC=C1,2-phenylethyl (E)-2-methylbut-2-enoate,phenethyl tiglate
5362584,143.25,CCC1N=C(C(S1)C)C,"2-ethyl-4,5-dimethyl-2,5-dihydro-1,3-thiazole",76788-46-0
5362588,126.20,CCC(C)C(=O)/C=C/C,(E)-5-methylhept-2-en-4-one,5-methyl-2-hepten-4-one
5362620,154.25,CCCCC/C=C\CCC=O,(Z)-dec-4-enal,cis-4-decenal
5362622,142.20,CC/C=C/CC(=O)OCC,ethyl (E)-hex-3-enoate,ethyl 3-hexenoate
5362720,140.22,CC/C=C\CCCCC=O,(Z)-non-6-enal,cis-6-nonenal
5362814,112.17,CC/C=C\CCC=O,(Z)-hept-4-enal,cis-4-heptenal
5362830,238.37,CC(C)CC(=O)OC/C=C(\C)/CCC=C(C)C,"[(2E)-3,7-dimethylocta-2,6-dienyl] 3-methylbutanoate",geranyl isovalerate
5362833,140.22,CC/C=C\CC/C=C/CO,"(2E,6Z)-nona-2,6-dien-1-ol","trans,cis-2,6-nonadien-1-ol"
5363120,182.26,CC/C=C\CC/C=C/COC(=O)C,"[(2E,6Z)-nona-2,6-dienyl] acetate",68555-65-7
5363229,126.20,CCCC/C=C/C(=O)C,(E)-oct-3-en-2-one,3-octen-2-one
5363388,142.20,CC/C=C\CCOC(=O)C,[(Z)-hex-3-enyl] acetate,cis-3-hexenyl acetate
5363491,140.18,C/C=C/C=C/COC(=O)C,"[(2E,4E)-hexa-2,4-dienyl] acetate",sorbyl acetate
5363526,154.25,C/C=C(\C)/C1CCC(O1)(C)C,"5-[(E)-but-2-en-2-yl]-2,2-dimethyloxolane",ocimene quintoxide
5364231,172.22,CC/C=C\CCOC(=O)C(C)O,[(Z)-hex-3-enyl] 2-hydroxypropanoate,cis-3-hexenyl lactate
5364532,156.22,CCCCC/C=C/C(=O)OC,methyl (E)-oct-2-enoate,methyl trans-2-octenoate
5364631,142.24,CCCCC/C=C\CCO,(Z)-non-3-en-1-ol,cis-3-nonen-1-ol
5364729,140.18,C/C=C(\C)/C(=O)OCC=C,prop-2-enyl (E)-2-methylbut-2-enoate,allyl tiglate
5364919,86.13,CC/C=C\CO,(Z)-pent-2-en-1-ol,cis-2-penten-1-ol
5364941,142.24,CCCCCC/C=C/CO,(E)-non-2-en-1-ol,trans-2-nonen-1-ol
5364942,156.26,CCCCCCC/C=C/CO,(E)-dec-2-en-1-ol,trans-2-decen-1-ol
5365027,142.24,CCCCCC/C=C\CO,(Z)-non-2-en-1-ol,cis-2-nonen-1-ol
5365049,156.22,CC/C=C\CCOC(=O)CC,[(Z)-hex-3-enyl] propanoate,33467-74-2
5365069,184.27,CC/C=C\CCOC(=O)C(C)CC,[(Z)-hex-3-enyl] 2-methylbutanoate,53398-85-9
5365793,142.20,C/C=C/C(=O)OCC(C)C,2-methylpropyl (E)-but-2-enoate,isobutyl 2-butenoate
5365794,226.35,CCOC(/C=C(\C)/CCC=C(C)C)OCC,"(2E)-1,1-diethoxy-3,7-dimethylocta-2,6-diene",citral diethyl acetal
5365976,232.36,CC1=CCCC(C1/C=C/C(=O)CCC=C)(C)C,"(1E)-1-(2,6,6-trimethylcyclohex-2-en-1-yl)hepta-1,6-dien-3-one",allyl alpha-ionone
5365991,224.34,CC(C)C(=O)OC/C=C(/C)\CCC=C(C)C,"[(2Z)-3,7-dimethylocta-2,6-dienyl] 2-methylpropanoate",neryl isobutyrate
5366038,170.25,CCCCCCOC(=O)/C=C/C,hexyl (E)-but-2-enoate,hexyl crotonate
5366044,272.4,CC(=CCC/C(=C/COC(=O)CC1=CC=CC=C1)/C)C,"[(2E)-3,7-dimethylocta-2,6-dienyl] 2-phenylacetate",geranyl phenylacetate
5366244,296.5,CC(C)CCCC(C)CCCC(C)CCC/C(=C/CO)/C,"(E)-3,7,11,15-tetramethylhexadec-2-en-1-ol",phytol
5367681,184.27,CC/C=C\CCOC(=O)CC(C)C,[(Z)-hex-3-enyl] 3-methylbutanoate,cis-3-hexenyl isovalerate
5367698,218.29,CC/C=C\CCOC(=O)CC1=CC=CC=C1,[(Z)-hex-3-enyl] 2-phenylacetate,42436-07-7
5367706,204.26,CC/C=C\CCOC(=O)C1=CC=CC=C1,[(Z)-hex-3-enyl] benzoate,cis-3-hexenyl benzoate
5367719,224.30,CC/C=C/CC1C(CCC1=O)CC(=O)OC,methyl 2-[3-oxo-2-[(E)-pent-2-enyl]cyclopentyl]acetate,39924-52-2
5367745,142.20,C/C=C(\C)/C(=O)OC(C)C,propan-2-yl (E)-2-methylbut-2-enoate,isopropyl tiglate
5367785,236.35,C/C=C(\C)/C(=O)OC/C=C(\C)/CCC=C(C)C,"[(2E)-3,7-dimethylocta-2,6-dienyl] (E)-2-methylbut-2-enoate",geranyl tiglate
5368076,170.25,CCCCCC/C=C/C(=O)OC,methyl (E)-non-2-enoate,methyl 2-nonenoate
5369459,252.31,C1=CC=C(C=C1)CCOC(=O)/C=C/C2=CC=CC=C2,2-phenylethyl (E)-3-phenylprop-2-enoate,phenethyl cinnamate
5370602,188.26,CC(C)C/C=C(/C=O)\C1=CC=CC=C1,(E)-5-methyl-2-phenylhex-2-enal,5-methyl-2-phenyl-2-hexenal
5371102,220.26,CC/C=C\CCOC(=O)C1=CC=CC=C1O,[(Z)-hex-3-enyl] 2-hydroxybenzoate,cis-3-hexenyl salicylate
5463682,170.25,C/C=C(\C)/C(=O)OCCC(C)C,3-methylbutyl (E)-2-methylbut-2-enoate,isoamyl tiglate
5463904,198.30,CCCCCCC/C=C/C(=O)OCC,ethyl (E)-dec-2-enoate,ethyl trans-2-decenoate
6076971,204.31,CCCCC/C(=C/C1=CC=CC=C1)/CO,(2Z)-2-benzylideneheptan-1-ol,2-benzylideneheptan-1-ol
6114390,282.3,C/C=C/C1=CC(=C(C=C1)OC(=O)CC2=CC=CC=C2)OC,[2-methoxy-4-[(E)-prop-1-enyl]phenyl] 2-phenylacetate,isoeugenyl phenylacetate
6429039,238.37,CC(C)CC(=O)OC/C=C(/C)\CCC=C(C)C,"[(2Z)-3,7-dimethylocta-2,6-dienyl] 3-methylbutanoate",neryl isovalerate
6435882,196.29,CC/C=C\CCOC(=O)C/C=C\CC,[(Z)-hex-3-enyl] (Z)-hex-3-enoate,cis-3-hexenyl cis-3-hexenoate
6436710,168.28,CC/C=C\CCCCCCC=O,(Z)-undec-8-enal,cis-8-undecen-1-al
6850741,965.5,CC1CCC2(CC1)C(CO2)C.CC1CCC(C(C1)O)C(C)C.CC1CCC(C(C1)OC(=O)C)C(C)C.CC1CCC(C(=O)C1)C(C)C.CC1CCC2=C(C1)OC=C2C.CC1CCC(=C(C)C)C(=O)C1,"3,7-dimethyl-1-oxaspiro[3.5]nonane;3,6-dimethyl-4,5,6,7-tetrahydro-1-benzofuran;5-methyl-2-propan-2-ylcyclohexan-1-ol;5-methyl-2-propan-2-ylcyclohexan-1-one;(5-methyl-2-propan-2-ylcyclohexyl) acetate;5-methyl-2-propan-2-ylidenecyclohexan-1-one",peppermint oil
6850743,777.2,CC(CCC=C(C)C)C=C.CC(=CCC/C(=C\CO)/C)C.CC(=CCC/C(=C\C=O)/C)C.C[C@]12CC[C@H](C1(C)C)CC2O.COC1=C(C=C(C=C1)CC=C)OC,"1,2-dimethoxy-4-prop-2-enylbenzene;(2Z)-3,7-dimethylocta-2,6-dienal;3,7-dimethylocta-1,6-diene;(2Z)-3,7-dimethylocta-2,6-dien-1-ol;(1S,4S)-1,7,7-trimethylbicyclo[2.2.1]heptan-2-ol",lemongrass oil
6850745,747.2,CC1=CCC(CC1)C(C)(C)O.CC1=CC=C(C=C1)C(C)C.CC1=CC(=C(C=C1)C(C)C)O.CC(C)C12CCC(C1C2)(C)O.CC(=CCCC(C)(C=C)O)C,"3,7-dimethylocta-1,6-dien-3-ol;2-(4-methylcyclohex-3-en-1-yl)propan-2-ol;1-methyl-4-propan-2-ylbenzene;2-methyl-5-propan-2-ylbicyclo[3.1.0]hexan-2-ol;5-methyl-2-propan-2-ylphenol",thyme oil
6950273,196.29,CC(=O)O[C@H]1C[C@@H]2CC[C@]1(C2(C)C)C,"[(1S,2S,4S)-1,7,7-trimethyl-2-bicyclo[2.2.1]heptanyl] acetate",isobornyl acetate
6999977,146.18,CCCCOC(=O)[C@H](C)O,butyl (2S)-2-hydroxypropanoate,34451-19-9
7076215,228.33,C[C@@H]1CC[C@H]([C@@H](C1)OC(=O)[C@H](C)O)C(C)C,"[(1R,2S,5R)-5-methyl-2-propan-2-ylcyclohexyl] (2S)-2-hydroxypropanoate",61597-98-6
9855795,204.35,C[C@@H]1CCC=C2[C@]1(C[C@@H](CC2)C(=C)C)C,"(3R,4aS,5R)-4a,5-dimethyl-3-prop-1-en-2-yl-2,3,4,5,6,7-hexahydro-1H-naphthalene",valencene
10174581,510.8,CCCCCCCCCCCCCCCCCCCCCCCC(=O)NCCC1=CNC2=CC=CC=C21,N-[2-(1H-indol-3-yl)ethyl]tetracosanamide,n-lignoceroyltryptamine
10311044,482.8,CCCCCCCCCCCCCCCCCCCCCC(=O)NCCC1=CNC2=CC=CC=C21,N-[2-(1H-indol-3-yl)ethyl]docosanamide,n-behenoyltryptamine
10857465,236.39,C[C@]12CCCC([C@@H]1CC[C@@]3([C@@H]2CCO3)C)(C)C,"(3aR,5aS,9aS,9bR)-3a,6,6,9a-tetramethyl-2,4,5,5a,7,8,9,9b-octahydro-1H-benzo[e][1]benzofuran",(-)-ambroxide
11435490,194.27,CC(=O)OCC1=CC[C@@H]2C[C@H]1C2(C)C,"[(1S,5R)-6,6-dimethyl-2-bicyclo[3.1.1]hept-2-enyl]methyl acetate",1079-01-2
12963317,296.5,CCCCC/C=C\CCCCCCCCCCC(=O)OC,methyl (Z)-octadec-12-enoate,cis-12-octadecenoic acid methyl ester
14030006,933.4,CCCCCCC(O)C/C=C\CCCCCCCC(=O)OCC(OC(=O)CCCCCCC/C=C\CC(O)CCCCCC)COC(=O)CCCCCCC/C=C\CC(O)CCCCCC,"2,3-bis[[(Z)-12-hydroxyoctadec-9-enoyl]oxy]propyl (Z)-12-hydroxyoctadec-9-enoate",castor oil
15461361,182.26,CC/C=C\CCOC(=O)/C(=C/C)/C,[(Z)-hex-3-enyl] (E)-2-methylbut-2-enoate,cis-3-hexenyl tiglate
16129778,1701.2,C1=C(C=C(C(=C1O)O)O)C(=O)OC2=CC(=CC(=C2O)O)C(=O)OC[C@@H]3[C@H]([C@@H]([C@H]([C@@H](O3)OC(=O)C4=CC(=C(C(=C4)OC(=O)C5=CC(=C(C(=C5)O)O)O)O)O)OC(=O)C6=CC(=C(C(=C6)OC(=O)C7=CC(=C(C(=C7)O)O)O)O)O)OC(=O)C8=CC(=C(C(=C8)OC(=O)C9=CC(=C(C(=C9)O)O)O)O)O)OC(=O)C1=CC(=C(C(=C1)OC(=O)C1=CC(=C(C(=C1)O)O)O)O)O,"[2,3-dihydroxy-5-[[(2R,3R,4S,5R,6S)-3,4,5,6-tetrakis[[3,4-dihydroxy-5-(3,4,5-trihydroxybenzoyl)oxybenzoyl]oxy]oxan-2-yl]methoxycarbonyl]phenyl] 3,4,5-trihydroxybenzoate",tannic acid
16212702,412.7,CCCCCCCCCCCCCCCCC(=O)NCCN1C=CC2=CC=CC=C21,N-(2-indol-1-ylethyl)heptadecanamide,232257-97-5
16220105,244.34,CCC1=NC(=CN=C1)C.CCC1=NC=C(N=C1)C,2-ethyl-5-methylpyrazine;2-ethyl-6-methylpyrazine,2-ethyl-5(6)-methylpyrazine
16220110,168.23,CC/C=C\CCOC(=O)/C=C/C,[(Z)-hex-3-enyl] (E)-but-2-enoate,cis-3-hexenyl crotonate
23308252,568.9,CC1=CC=C(C=C1)C(C)C.CC(C)C1=CCC(=CC1)C=O.CC(C)C1=CC=C(C=C1)C=O.CC1([C@H]2CCC(=C)[C@H]1C2)C,"(1R,5S)-6,6-dimethyl-2-methylidenebicyclo[3.1.1]heptane;1-methyl-4-propan-2-ylbenzene;4-propan-2-ylbenzaldehyde;4-propan-2-ylcyclohexa-1,4-diene-1-carbaldehyde",cumin oil
23673663,142.11,C(C(=O)C(=O)[O-])S.[Na+],sodium;2-oxo-3-sulfanylpropanoate,sodium mercaptopyruvate
23693089,216.12,[C@@H]1([C@H]([C@H](OC([C@@H]1O)O)C(=O)[O-])O)O.[Na+],"sodium;(2S,3R,4S,5R)-3,4,5,6-tetrahydroxyoxane-2-carboxylate",sodium alginate
24758199,236.39,CC1CCC2C13CCC(C(C3)C2(C)C)(C)OC,"8-methoxy-2,6,6,8-tetramethyltricyclo[5.3.1.01,5]undecane",19870-74-7
24847856,500.5,CC1C(C(C(C(O1)CO)O)OC2C(C(C(C(O2)COC3C(C(C(CO3)O)OC)O)O)OC)O)O,"4-[6-[(3,5-dihydroxy-4-methoxyoxan-2-yl)oxymethyl]-3,5-dihydroxy-4-methoxyoxan-2-yl]oxy-2-(hydroxymethyl)-6-methyloxane-3,5-diol",galactoarabinan
44134940,422.5,C1=CC=C2C(=C1)C(=O)[N-]S2(=O)=O.C1=CC=C2C(=C1)C(=O)[N-]S2(=O)=O.O.[Ca+2],"calcium;1,1-dioxo-1,2-benzothiazol-2-id-3-one;hydrate",calcium saccharin
54675810,176.12,C([C@H]([C@@H]1C(=C(C(=O)O1)O)O)O)O,"(2R)-2-[(1R)-1,2-dihydroxyethyl]-3,4-dihydroxy-2H-furan-5-one",erythorbic acid
55251157,154.24,CC1=CN=C(C(=N1)C)SC,"3,5-dimethyl-2-methylsulfanylpyrazine",67952-65-2
91001317,64.08,CC.OO,ethane;hydrogen peroxide,"pyroligneous acids, reaction products with et alc., distillates"
92043553,136.23,C/C=C\CC1=C(CCC1)C,1-[(Z)-but-2-enyl]-2-methylcyclopentene,jasmine oil
