smiles,regression_pIC50
O1CC2(N=C1N)c1cc(ccc1Oc1c2cc(cc1)CCC)-c1cncnc1,7.7958798
S1CC(=NC1(c1cc(ccc1)-c1cc(OC)ccc1)c1ccncc1)N,6.3010302000000005
S1(=O)(=O)N(c2cc(cc3n(cc(CC1)c23)CC)C(=O)N[C@H]([C@H](O)C[NH2+]C(CC)C)Cc1ccccc1)C,8.0
O(C)c1cc(ccc1)[C@]1([NH+]=C(N2C1=NCCC2)N)c1ccccc1,4.6925039
O(C)c1cc(ccc1)-c1cc(ccc1)CC[C@]1(N=C(N)N(C)C(=O)C1)C,6.6989698
s1cccc1-c1cc(ccc1)C1CC1C1(N=C(N)N(C)C(=O)C1)C,5.2146702000000005
O=C([O-])[C@@H](\[NH+]=C\1/NC(Cc2c/1cccc2)(C)C)Cc1ccccc1,4.5654311
O1c2ncc(cc2[C@@H]([NH2+]C[C@@H](O)[C@@H](NC(=O)[C@H](OC)C)Cc2cc3OCOc3cc2)CC12CCC2)CC(C)(C)C,7.7746906
O=C1N(Cc2ccc(cc2)CNC(=O)NCCCC)C(N[C@@]1(CC(C)C)C)=N,4.1079054
O(C)c1ccc(cc1)[C@@]1([NH+]=C(N2C1=NCCC2)N)c1cc(ccc1)-c1cncnc1,7.0
O1C2CCCCC2(N=C1N)c1cc(ccc1)-c1cncnc1,4.4522252
S(=O)(=O)(n1cc(c2c1cccc2)C(=O)NC(Cc1ccccc1)C(O)C[NH2+]Cc1cc(OC)ccc1)CCCC,5.5086384000000015
O=C1N(C)C(=NC(=C1)[C@H]1C[C@H]1c1ccc(cc1)-c1cc(ccc1)C)N,4.767004
O=C1N(CCC1)C(C)(C)C1CC(CCC1)C(=O)NC(Cc1ccccc1)C(O)C[NH2+]Cc1cc(ccc1)C(C)C,7.6020598
[NH+]=1[C@](N=C(C)C=1N)(C1CC1)c1cc(ccc1)-c1cc(cnc1)C#CC,7.1023731
S(=O)(=O)(CCCCC)c1cc(ccc1)C(=O)N[C@H]([C@H](O)C[NH2+][C@H](C(=O)NC1CCCCC1)C)Cc1ccccc1,5.7447276
O=C1N(C)C(=NC(C1)(C)C1CC1c1cc(ccc1)CCc1ccccc1)N,5.3979402
S(CCC(NC(=O)C(NC(=O)C)C(C)C)C(=O)NC(C(O)CC(C(=O)NCCCC)C)CC(C)C)C,6.4317985
O(C(C)C)c1cc(ccc1OC)C1(N=C(N)N(C)C1=O)c1cc(ccc1)-c1cccnc1,7.2218490000000015
O=C1Nc2c(cccc2)[C@]12C[C@@H]([NH2+]C2)C(OCc1ccc(cc1)C#N)=O,4.91364
S1(=O)(=O)N(c2cc(cc3n(cc(CC1)c23)CC)C(=O)N[C@H]([C@H](O)C[NH2+]CC)Cc1ccccc1)C,7.6382723
O1CC(N=C1N)(c1cc(ccc1)-c1cncnc1)c1ccc(OC)cc1,4.9430952
O(C)c1cc(ccc1)-c1cc(ccc1)[C@@H]1C[C@@H]1C=1N=C(N)N(C)C(=O)C=1,5.337242099999999
O1c2ncc(cc2C([NH2+]CC(O)C(NC(=O)COC)Cc2cc(ccc2)C#CC)CC12CCC2)CC(C)(C)C,7.823908800000001
O(C)c1cc(ccc1)-c1cc(ccc1)C1(NC(=[NH2+])N(C)C1=O)c1ccccc1,6.7212462
O=C1N(C)C(=NC(=C1)C1CC1c1ccc(cc1)-c1cc(NC(=O)C)ccc1)N,4.154902
S1(=O)(=O)CC(Cc2cc(CO)c(O)cc2)C(O)C([NH2+]Cc2cc(ccc2)C(C)C)C1,5.920818799999998
O=C(NCC1CCCCC1)[C@@H](Cc1cc2cc(ccc2nc1N)-c1ccccc1C)CCC,7.9586072
S1(=O)(=O)N(c2cc(cc3n(cc(CC1)c23)CC)C(=O)NC(Cc1ccccc1)C(O)C[NH2+]C1CCOCC1)C,8.3010302
O=C1N(C)C(=[NH2+])NC1(C1CC1)c1cc(ccc1)-c1cc(cnc1)C#CC,8.2676058
s1c(C)c(cc1CC)C1(N=C(N)N(C)C1=O)c1cc(ccc1)-c1cncnc1,6.7447276
O(C)c1ccc(cc1C)[C@@]1(N=C(N)N(C)C1=O)c1cc(ccc1)-c1cccnc1,7.3979402
O=C1N(C)C(=NC(C1)(C)C1CC1c1cc(ccc1)\C=C\c1ccccc1)N,5.5376019
O=C1N(C)C(=NC12CC(Cc1c2cc(cc1)-c1cc(ccc1)C#N)(C)C)N,7.7447276
O1c2ncc(cc2C([NH2+]CC(O)C(NC(=O)C)Cc2cc3OCOc3cc2)CC12CCC2)CC(C)(C)C,8.0969105
O(C(=O)C1[NH2+]CC2(C1)c1c(NC2=O)cccc1)C1CCN(CC1)C(=O)C,4.077274299999999
O1C[C@]2(N=C1N)c1cc(ccc1Oc1c2cc(OCC(C)C)cc1)-c1cncnc1,8.0969095
O=C1N(C)C(=N[C@]1(C1CCCCC1)c1cc(NC(=O)CCC)ccc1)N,5.545155
O=C(N[C@H]([C@@H](O)C[C@H](C(=O)NCCCC)C)Cc1ccccc1)[C@H]1C[C@H](CCC1)C(NC(=O)C)(C)C,5.4317985
O=C1N(C)C(=NC(=C1)C1CC1c1ccc(cc1)-c1cc(ccc1)C(=O)N)N,4.2225733
O(C)c1ccc(cc1)[C@@]1([NH+]=C(N)[C@H](OC)C1)c1cc(ccc1)-c1cccnc1,5.4948502
O(CC)c1ccc(cc1)C1(N=C(N)N(C)C1=O)C12CC3CC(C1)CC(C2)C3,6.4814858
O=C(NCCCC)c1ccc(cc1)-c1n(Cc2nc(N)ccc2)c(cc1)-c1ccccc1,5.5228785999999985
O=C1N(C)C(=N[C@@]1(c1cc(ccc1)-c1cccnc1)c1cc(ncc1)C)N,7.0
O(C)c1nc(cnc1)-c1ccc(cc1)C1CC1C=1N=C(N)N(C)C(=O)C=1,4.8996296
O1c2c(cc(cc2)-c2ccncc2)C2(N=C(N)N(C)C2=O)CC1(C)C,5.202732599999999
O=C(c1cc2CN(CCC(=O)N(C)C3CCCCC3)C(=[NH+]c2cc1)N)c1ccccc1,7.9586072
s1c2c(nc1C)C(=[NH+][C@@]2(c1cc(ccc1)-c1cncnc1)c1ccc(OC)cc1)N,6.2006593
OC(C(NC(=O)C1CC(CCC1)C(NC(=O)C)C(C)C)Cc1ccccc1)CC(C(=O)NCCCC)C,6.09691
n1cc(ccc1)-c1cc(ccc1)C1(N=C(C)C(=N1)N)C1CCCCC1,5.8538718
O=C(NCC1CCCCC1)CCc1cc2c(nc1N)cccc2,4.8477115999999985
O=C1N(C)C(=NC(=C1)C1CC1c1ccc(cc1)-c1cc(ccc1)CC#N)N,4.6861329000000005
O=C(N[C@H]([C@H](O)C[NH2+][C@H]1CC(Cc2nn(cc12)CC(C)(C)C)(C)C)Cc1ccccc1)C,7.3565474
s1cc(nc1N)C1(CCCC1)c1ccc(OC)cc1,4.6020598
O=C1N(C)C(N[C@@]1(CC1CCCCC1)CCC1CCCCC1)=N,6.2182445999999985
O1CC2(N=C1N)c1cc(ccc1Oc1c2cc(OC)cc1)-c1ccncc1,5.4089355
O=C1N(CC(=NC1(C)c1cc(NC(=O)c2ncc(cc2)C#N)ccc1)N)C,6.0899096
S1(=O)(=O)N(c2cc(cc3c2n(cc3CC)CC1)C(=O)N[C@H]([C@H](O)C[NH2+]C(CC)C)Cc1ccccc1)C,7.657577499999999
S1(=O)(=O)N(c2cc(cc3c2n(cc3CC)CC1)C(=O)NC(Cc1ccccc1)C(O)C[NH2+]C1CCCCC1)CC,8.1549015
S(=O)(=O)(N(C)c1nc2CC[C@@H](CCc3cc(C[C@]([NH3+])(C)C(OCc(c1)c2)=O)ccc3)C)C,5.7447276
O1c2ncc(cc2C([NH2+]CC(O)C(NC(=O)C)Cc2ccccc2)CC12CCC2)CC(C)C,8.3010302
S1(=O)(=O)N(c2cc(cc3c2n(cc3CC)C1)C(=O)NC(Cc1ccccc1)C(O)C[NH2+]C)C,7.0409584
O=C(N(C)C1CCCCC1)CCc1cc2c(nc1N)cccc2,4.415669
O=C1N(C)C(=N[C@@]1(c1cc(ccc1)-c1cncnc1)c1cc(ncc1)C)N,7.09691
O=C1N(C)C(=N[C@@]1(c1cc(ccc1)-c1cncnc1)c1cc(ncc1)CC)N,7.5228785999999985
OC(C(NC(=O)C1CC(CCC1)C(N(C(=O)CC)C)(C)C)Cc1ccccc1)C[NH2+]Cc1cc(ccc1)C(C)C,6.823908800000001
O(C)c1cc(ccc1)C(=O)Nc1cc(ccc1)C1(N=C(N)N(C)C1=O)C1CCCCC1,5.8664613
O1c2ncc(cc2C([NH2+]CC(O)C(NC(=O)COC)Cc2cc(ccc2)C#C)CC12CCC2)CC(C)(C)C,8.4685211
S1(=O)(=O)N(c2cc(cc3n(cc(CC1)c23)CC)C(=O)NC(Cc1ccccc1)C(O)(O)C[NH2+]C1CCOCC1)C,7.8860564
S(=O)(=O)(N(c1cc(ccc1)C(=O)NC(Cc1ccccc1)C(O)C[NH2+]C1CC1)c1ccccc1)C,6.3565474
s1cc(cc1)C1(N=C(N)N(C)C1=O)c1cc(ccc1)-c1cc(OC)cnc1,7.3979402
O=C(NCC=C)c1ccc(cc1)-c1n(Cc2nc(N)ccc2)c(cc1)-c1ccccc1,6.229147900000001
O(C)c1c(cc(cc1C)C1(N=C(C)C(=N1)N)c1cc(ccc1)-c1cc(cnc1)C#CC)C,7.585026700000001
O(C)c1ccc(cc1C#N)C1(N=C(N)N(C)C1=O)c1cc(ccc1)-c1cccnc1,6.823908800000001
S1(=O)(=O)N(c2cc(cc3n(cc(CC1)c23)CC)C(=O)N[C@H]([C@H](O)C[NH2+]CCC)Cc1ccccc1)C,8.0969105
O(C)c1cc(ccc1)C[NH2+]C[C@@H](O)[C@@H](NC(=O)c1cc(ccc1)C(=O)N(CCC)CCC)Cc1ccccc1,6.7212462
S1(=O)(=O)CC(Cc2cc(OCCC)c(N)cc2)C(O)C([NH2+]Cc2cc(ccc2)C(C)(C)C)C1,7.3467875
O1CC2(N=C1N)c1cc(ccc1Oc1c2cc(OC)cc1)-c1ccccc1C,5.1536627
S1(=O)(=O)N(c2cc(cc3c2n(cc3CC)CC1)C(=O)NC(Cc1ccccc1)C(O)C[NH2+]C1CC1)CC,7.6989698
O1CC2(N=C1N)c1cc(ccc1Oc1c2cc(OC)cc1)-c1ccc(cc1)C,5.7495799000000005
S1(=O)(=O)CC(Cc2cc(CCCC)c(O)cc2)C(O)C([NH2+]Cc2cc(ccc2)C(C)C)C1,6.823908800000001
O=C1N(C)C(=NC(=C1)CCc1ccc(cc1)-c1ccccc1)N,3.6989701
O1CC2(N=C1N)c1cc(ccc1Oc1c2cc(OC)cc1)-c1ccccc1,5.9281182
O=C(N[C@@H](Cc1ccccc1)C(=O)N[C@H]([C@@H](O)C[C@H](C(=O)NCC(C)C)C)CC(C)C)c1ccc([N+](=O)[O-])cc1,4.8032713
S1CCC(N=C1N)(C)c1cc(ccc1)-c1cc(OC)ccc1,5.6989698
S1(=O)(=O)N(c2cc(cc3c2n(cc3CC)CC1)C(=O)NC(Cc1ccccc1)C(O)C[NH2+]C1CCCCC1)C,8.0457573
S1(=O)(=O)N(C2C=C(C=C3N(CC[NH+](C23)CC1)CC)C(=O)NC(Cc1ccccc1)C(O)C[NH2+]C1CC1)C,6.2596374
O1c2c(cc(cc2)CC)[C@@H]([NH2+]C[C@@H](O)[C@H]2NC(=O)CCCCCCCc3cc(C2)ccc3)CC12CCC2,7.443697500000002
s1cc(nc1N)C1(CCCC1)c1ccccc1,3.6635404
O(C)c1cccnc1-c1cc2cc(CC(C(=O)NCCC(C)(C)C)C)c(nc2cc1)N,7.0132284
O=C(NCC1CCCCC1)CCc1cc2cc(ccc2nc1N)-c1ccccc1C,7.4685210999999985
O=C1N(Cc2ccc(cc2)CNC(=O)NCCCC)C(NC1(CC1CCCCC1)C)=N,5.3010302000000005
[nH]1nnnc1C(NC1=NC(Cc2c1cccc2)(C)C)Cc1ccccc1,3.1947711
O=C1N(C)C(=NC1(c1cc(ccc1)-c1cncnc1)c1cn(nc1)C)N,7.0
o1cccc1-c1ccc(cc1)C1CC1C=1N=C(N)N(C)C(=O)C=1,4.229147900000001
O=C1N(C)C(=NC(C1)(C)C1CC1c1cc(ccc1)-c1cccnc1)N,4.9281178
O=C([O-])C(NC1=NC(Cc2c1cccc2)(C)C)Cc1ccccc1,4.5654311
O1c2c(cc(cc2)-c2cncnc2)C2(N=C(N)N(C)C2=O)CC1(C)C,6.8210229999999985
O(C)c1cc(ccc1)-c1cc(ccc1)CCc1nc(N)ccc1,4.6020598
O=C1NC(=NC(=C1)CCc1cc2[nH]ccc2cc1)N,3.8860567
O=C1N(C)C(=NC1(c1cc(ccc1)-c1cncnc1)c1cc(ncc1)C(C)C)N,7.154902000000001
O(C)c1ccc([N+](=O)[O-])cc1CC(c1ccc(OC)cc1)c1nc([nH]c1)N,5.2441254
O(C)C1CC(N=C1N)(c1cc(ccc1)-c1cccnc1)c1ccc(OC)cc1,5.4948502
O1CCCCNc2cc(ccc2)C(=O)NC(Cc2cc1ccc2)C(O)C[NH2+]Cc1cc(ccc1)C(C)C,6.5346169000000005
S(=O)(=O)(N(C)c1cc2cc(c1)C(=O)NCCCCCOCC(NC2=O)C(O)C[NH2+]Cc1cc(ccc1)C(C)C)C,7.7958798
[nH]1c2cc(ccc2cc1)CCc1nc(N)ccc1,4.0268722000000015
O=C1N(C)C(N[C@](C1)(C)[C@@H]1C[C@H]1c1ccccc1)=N,4.7447276
S(=O)(=O)(N(C)c1cc(cc(c1)C(=O)N[C@H]([C@H](O)C[NH2+]C1CC1)Cc1ccccc1)C(=O)c1ccccc1)C,7.0087738
O1CC2(N=C1N)c1cc(ccc1Oc1c2cc(OC)cc1)-c1cc(ccc1)C,5.7772837
O1c2c(cc(cc2)-c2ccccc2)C2(N=C(N)N(C)C2=O)CC1(C)C,6.3419886
S1(=O)(=O)CC(Cc2ccc(O)cc2)C(O)C([NH2+]Cc2cc(ccc2)C(C)C)C1,5.7447276
O1c2ncc(cc2C([NH2+]CC(O)C(NC(=O)COC)Cc2ccc(cc2)C#C)CC12CCC2)CC(C)(C)C,7.3279023
O1CCCCNc2nc(cc(c2)C(=O)NC(Cc2cc1ccc2)C(O)C[NH2+]Cc1cc(ccc1)C(C)C)C,7.5686364
O(C)c1ccc(cc1C)C1(N=C(N)N(C)C1=O)c1cc(ccc1)-c1cncnc1,7.5228785999999985
S1(=O)(=O)N(c2cc(cc3n(cc(CC1)c23)CC)C(=O)NC([C@H](O)C[NH2+]C1CC1)Cc1ccccc1)C,8.0457573
s1cc(cc1C1(N=C(N)N(C)C(=O)C1)C)-c1cc(ccc1)C#N,7.251811999999998
s1cncc1CNC(=O)C(Cc1cc2cc(ccc2nc1N)-c1ccccc1C)C,7.5086384000000015
O=C1N(C)C(=N[C@@](C1)(CCc1ccccc1)C)N,4.382999400000001
S1(=O)(=O)N(c2cc(cc3n(cc(CC1)c23)CC)C(=O)NC(Cc1ccccc1)C(=O)C[NH2+]C1CCOCC1)C,7.8860564
O=C1N(Cc2ccc(cc2)CNC(=O)NCCCC)C(NC1(CC1CCCCC1)CCC1CCCCC1)=N,6.4559321
O=C1N(C)C(=NC1(C1CCCCC1)c1cc(NC(=O)CCOC)ccc1)N,5.1045775
o1cc(cc1)-c1cc(ccc1)C1(N=C(N)N(C)C1=O)c1ccncc1,6.2006593
s1ccc(C2(N=C(N)N(C)C2=O)c2cc(ccc2)-c2cncnc2)c1C,6.4317985
S1(Oc2cc(cc3c2n(cc3CC)CC1)C(=O)NC([C@H](O)C[NH2+]CC#C)Cc1ccccc1)(=O)=O,6.4436975
O(C)c1ccc(cc1C)C1(N=C(C)C(=N1)N)c1cc(ccc1)-c1cncnc1,7.0132284
s1cc(cc1)-c1ccc(cc1)C1CC1C=1N=C(N)N(C)C(=O)C=1,4.3325472000000005
n1cc(ccc1)-c1cc(ccc1)C1(N=C(N2C1=NCCC2)N)c1ccncc1,6.579999900000002
n1cc(ccc1)-c1cc(ccc1)C1(N=C(C)C(=N1)N)c1ccccc1,5.886056900000002
O1c2cc(ccc2OC1)C(=O)Nc1cc(ccc1)C1(N=C(N)N(C)C1=O)C1CCCCC1,6.4202166
O1c2ncc(cc2C([NH2+]CC(O)C(NC(=O)C)Cc2cc(OC)c(OC)cc2)CC12CCC2)CC(C)(C)C,7.7399287
O=C1N(C)C(=N[C@@]12CC(Cc1c2cc(cc1)-c1cncnc1)(C)C)N,7.318759
O1c2c(cc(N3CCCCC3)cc2)C2(N=C(N)N(C)C2=O)CC1(C)C,5.0624318
O(C)c1cc(ccc1)-c1cc(ccc1)[C@]1(N=C(N)N(C)C(=O)C1)C,6.4202166
O=C1N(Cc2ccccc2)C(=NC1(C1CCCCC1)c1ccccc1)N,5.9065785
O=C1N(Cc2ccc(cc2)CNC(=O)Nc2ccc(cc2)C#N)C(N[C@@]1(CC(C)C)C)=N,5.154902
O1c2c(cc(cc2)-c2cc(OC)ccc2)C2(N=C(N)N(C)C2=O)CC1(C)C,7.167491
OC(C(NC(=O)c1cc(Nc2ccccc2)ccc1)Cc1ccccc1)C[NH2+]C(C(=O)NC1CCCCC1)C,5.2006593
O(CCC)c1cc(ccc1)-c1ccc(cc1)C1CC1C=1N=C(N)N(C)C(=O)C=1,4.8538718
O(C)c1cc(ccc1OC)C1(N=C(N)N(C)C1=O)c1cc(ccc1)-c1cccnc1,7.0457573
n1c2c(nc(N)c1N1CCCC1)cccc2,3.0604808
o1cccc1C[N@H+](Cc1cc(ccc1)CCc1cccnc1N)C,3.6020601
O1C2COCCC2(N=C1N)c1cc(ccc1)-c1cc(OC)ccc1,4.430625900000001
O(C)c1cc(ccc1)-c1ccc(cc1)C1CC1C=1N=C(N)N(C)C(=O)C=1,4.844664099999999
O(C(C)C)C(=O)CN1C(C)=C(C(=O)C)[C@@H](CCC)C(C(=O)N[C@H]([C@H](O)C[NH2+]C2CC2)Cc2ccccc2)=C1C,4.4801722
n1cc(cnc1)-c1cc(ccc1)C1(N=C(C(C)C)C(=N1)N)c1ccccc1,4.7447276
O=C1N(C)C(=N[C@](C1)(CCc1ccccc1)C)N,3.6989701
O=C1N(Cc2ccc(cc2)CNC(=O)NCCCC)C(NC1(CCc1ccccc1)CC(C)C)=N,4.3010302000000005
O=C(C)c1ccccc1-c1cc2cc(CC(C(=O)NCCC(C)(C)C)C)c(nc2cc1)N,7.823908800000001
O=C(NCC1CCCCC1)C(Cc1cc2cc(ccc2nc1N)-c1ccccc1C)C,8.6020603
O=C1N(C)C(=NC1(c1cc(ccc1)-c1cncnc1)c1cn(nc1)CCC(C)(C)C)N,7.6989698
O=C(NCC1CCCCC1)C(Cc1cc2cc(ccc2nc1N)-c1ccccc1C)C(C)C,7.5686364
O=C1N(C)C(=NC1(c1cc(ccc1)-c1cncnc1)c1cn(nc1)CCC1CCCCC1)N,7.6989698
O=C(NC(C)C)c1ccc(cc1)-c1n(Cc2nc(N)ccc2)c(cc1)-c1ccccc1,5.7495799000000005
O=C1c2c(cc(cc2)-c2cncnc2)C2(N=C(N)N(C)C2=O)CC1(C)C,6.1530447
O=C1N(C)C(=NC1(C1CCCCC1)C1CCCCC1)N,5.9665761
S(=O)(=O)(N(C)c1cc2cc(c1)C(=O)NCC\C=C\COCC(NC2=O)C(O)C[NH2+]Cc1ccccc1)C,6.5686364
S(CC[C@H](NC(=O)CCC(C)C)C(=O)N[C@H]([C@@H](O)C[C@H](C(=O)NCCCC)C)CC(C)C)C,6.229147900000001
O=C1N(C)C(=N[C@]1(c1cc(nc(c1)CC)CC)c1cc(ccc1)-c1cncnc1)N,7.5228785999999985
O=C(N(C)C1CCCCC1)CCc1cc2cc(ccc2nc1N)-c1ccccc1C,5.283996599999999
O(C)c1cc(ccc1)-c1cc(ccc1)C1CC1C1(N=C(N)N(C)C(=O)C1)C,5.4814858
o1ccc(C)c1C(=O)Nc1cc(ccc1)C1(N=C(N)N(C)C1=O)C1CCCCC1,7.3979402
O=C(N[C@@H](Cc1ccccc1)C(=O)N[C@H]([C@@H](O)C[C@H](C(=O)NCC(C)C)C)CC(C)C)c1ccccc1,5.1592669
O(C)c1ccc(cc1)C1(N=C(N)N(C)C1=O)c1ccccc1,5.5086384000000015
s1cc(cc1C12N=C(N)N(C)C(=O)C1CN(C2)c1nc(OC)ccc1)-c1cc(ccc1)C#N,9.0
s1cc(cc1C12N=C(N)N(C)C(=O)C1CN(C2)C(=O)c1ccccc1)-c1cc(ccc1)C#N,8.522878599999999
S1(=O)(=O)N(c2cc(cc3c2n(cc3CC)CC1)C(=O)NC([C@H](O)C[NH2+]CC#C)Cc1ccccc1)C,7.1366773
O(CCCC)c1cc(ccc1OC)C1(N=C(N)N(C)C1=O)c1cc(ccc1)-c1cccnc1,7.3010302
S1(=O)(=O)CC(Cc2cc(OCCC)ccc2)C(O)C([NH2+]Cc2cc(ccc2)C(C)(C)C)C1,6.1739254
s1cc(cc1)C1(N=C(N)N(C)C1=O)c1cc(ccc1)-c1nccnc1,7.0457573
O(CC)c1cc(ccc1OC)C1(N=C(N)N(C)C1=O)c1cc(ccc1)-c1cccnc1,7.3010302
O(C)c1ccc(cc1)-c1cc(ccc1)C1CC1C1(N=C(N)N(C)C(=O)C1)C,4.6326442000000005
O=C1N(C)C(=NC1(c1cc(ccc1)-c1cncnc1)c1cn(nc1)CCCC)N,8.0969095
O(CCC)c1cc(ccc1OC)C1(N=C(N)N(C)C1=O)c1cc(ccc1)-c1cccnc1,7.3010302
O(C)c1ccccc1-c1cc(ccc1)C1CC1C1(N=C(N)N(C)C(=O)C1)C,5.124939
O(C)c1cc(ccc1)-c1cc(ccc1)C1(N=C(N)N(C)C(=O)C1)C,6.5686364
O1C2COCCC2(N=C1N)c1cc(NC(=O)c2nc(oc2)C)ccc1,4.4179368
O=C(N1CCC(CC1C1CCCCC1)c1ccccc1)C1C[NH2+]CC12CCCc1nc(ccc12)C,7.443697500000002
s1nc(cc1)-c1cc2c(OC(CC23N=C(N)N(C)C3=O)(C)C)cc1,6.3001623
S1CC(N=C(N)C1)(C)c1cc(ccc1)-c1cc(OC)ccc1,5.6989698
O(C)c1cc(ccc1)C[NH2+]CC(O)C(NC(=O)c1c2c(n(c1)CCCC)cccc2)Cc1ccccc1,4.4202166
O1c2c(cc(cc2)-c2cc(cnc2)C#CC)C2(N=C(N)N(C)C2=O)CC1(C)C,8.0
n1ccc(cc1)C1(N=C(N)c2c1cccc2)c1cc(ccc1)-c1cncnc1,6.3010302000000005
O=C1N(C)C(=NC(=C1)C1CC1c1ccc(cc1)-c1cc(ccc1)COC)N,4.614393700000001
O(C)c1cc(ccc1)C1(N=C(N)N(C)C1=O)c1ccccc1,5.4596705000000005
[NH+]=1[C@@](C=2N(CCCN=2)C=1N)(c1cc(ccc1)C(C)(C)C)c1ccccc1,4.5199928
S1CC(=NC1(c1cc(ccc1)-c1cccnc1)c1ccc(OC)cc1)N,6.1023731
O=C(NCCC(C)(C)C)C(Cc1cc2cc(ccc2nc1N)-c1ncccc1C)C,7.7958798
O1c2ncc(cc2C([NH2+]CC(O)C(NC(=O)C)Cc2cc3OCCOc3cc2)CC12CCC2)CC(C)(C)C,7.642065
n1cc(ccc1)-c1cc(ccc1)C1(N=C(C)C(=N1)N)C,4.8860564
O(C)c1ccc(cc1)C1(N=C(C)C(=N1)N)c1cc(ccc1)-c1cncnc1,6.5686364
S1(=O)(=O)N(c2c(CCC1)c(NCC)cc(c2)C(=O)NC(Cc1ccccc1)C(O)C[NH2+]C1CCOCC1)C,6.7212462
O1c2c(cc(NC(=O)c3oc(cc3)C)cc2)C2(N=C(N)N(C)C2=O)CC1(C)C,6.6382723
O(C)c1ccc(cc1C)[C@@]1(N=C(N)N(C)C1=O)C12CC3CC(C1)CC(C2)C3,6.769551299999999
S1(=O)(=O)CC(Cc2cc3c([nH]nc3CCC)cc2)C(O)C([NH2+]Cc2cc(ccc2)C(C)(C)C)C1,6.6575775
s1cccc1-c1ccc(cc1)C1CC1C=1N=C(N)N(C)C(=O)C=1,4.850781
O(C)c1cc(ccc1)-c1cc(ccc1)C1(N=C(C)C(=N1)N)c1ccncc1,6.769551299999999
O1CC(NC(=O)c2cc(cc(c2)C(=O)NCC\C=C\C1)C)C(O)C[NH2+]Cc1ccccc1,5.0
O1CCC(OC(=O)[C@@H]2[NH2+]C[C@]3(C2)c2c(NC3=O)cccc2)CC1,3.943095200000001
O=C1N(C)C(=N[C@]1(c1cc(nc(c1)C)CC)c1cc(ccc1)-c1cncnc1)N,6.823908800000001
S1(=O)(=O)N(c2cc(cc3c2n(cc3CC)CC1)C(=O)NC(Cc1ccccc1)C(O)C[NH2+]CC)C,7.318759
S(=O)(=O)(C)c1ccc(cc1)-c1ccccc1C1C[NH2+]CC1C(=O)N1CCOCC1c1ccccc1,5.3979402
Oc1ccc(cc1)CC([NH3+])C,3.09691
O1CC(N=C(N)C1)(C)c1cc(ccc1)-c1cc(OC)ccc1,5.4948502
O1CCOc2c1cc(cc2)C1(N=C(N)N(C)C1=O)c1cc(ccc1)-c1cccnc1,7.0457573
n1cc(ccc1)-c1cc(ccc1)C1(N=C(C(C)C)C(=N1)N)C,4.0
O(C)c1nc(ccc1)-c1ccc(cc1)C1CC1C=1N=C(N)N(C)C(=O)C=1,4.2732730000000005
O1C2CCCCC2(N=C1N)c1cc(ccc1)-c1cc(ccc1)C#N,4.4685210999999985
O=C1N(C)C(=NC(C1)(C)C1CC1c1ccccc1)N,4.7447276
S(=O)(=O)(N(c1cc(ccc1)C(=O)NC(Cc1ccccc1)C(O)C[NH2+]C(CCCC(C)C)C)c1ccccc1)C,7.494850200000001
O(C)c1ccc(cc1)C1(N=C(N2C1=NCCC2)N)c1cc(ccc1)-c1cccnc1,7.04
O=C1N(CC(=NC1(C)c1cc(NC(=O)c2ncc(nc2)C)ccc1)N)C,5.1500282
O=C1N(C)C(=NC(=C1)[C@H]1C[C@H]1c1ccccc1)N,3.2083094
n1ccc2c(cccc2)c1N,3.0
O=C(NCCC(C)(C)C)C(Cc1cc2cc(ccc2nc1N)-c1ccccc1C)C,9.1870871
O1CCCCOc2nc(cc(c2)C(=O)NC(Cc2cc1ccc2)C(O)C[NH2+]Cc1cc(ccc1)C(C)C)C,7.3767509
s1cc(cc1CC)C1(N=C(N)N(C)C1=O)c1cc(ccc1)-c1cncnc1,7.09691
O1CC2(N=C1N)c1cc(ccc1Oc1c2cc(OC)cc1)-c1cncnc1,6.9706163
O1CCc2cc(ccc12)C1(N=C(N)N(C)C1=O)c1cc(ccc1)-c1cccnc1,6.920818799999998
O(c1cc2CN(C(CCC(=O)N(C)C3CCCCC3)C3CCCCC3)C(=[NH+]c2cc1)N)c1ccccc1,6.0457573
O(C)c1cc(ccc1)-c1cc(ccc1)C1(N=C(C)C(=N1)N)C1CCN(CC1)C(=O)C,6.09691
O=C1N[C@@H](C[C@@H](CCCCCCCCC(=O)N(C)[C@H]1C)C)[C@H](O)C[NH2+]Cc1cc(ccc1)C(C)C,7.5686364
O1CCCC1CN1C(=O)C(N=C1N)(C1CCCCC1)c1ccccc1,5.9829664000000005
S1c2c(cc(cc2)-c2cncnc2)C2(N=C(N)N(C)C2=O)CC1(C)C,7.318759
O1c2c(cc(cc2)-c2ccc(OC)cc2)C2(N=C(N)N(C)C2=O)CC1(C)C,5.1428485
s1cc(cc1C12N=C(N)N(C)C(=O)C1CN(C2)c1ncccc1OC)-c1cc(ccc1)C#N,8.522878599999999
O(C(=O)[C@@H]1[NH2+]C[C@]2(C1)c1c(NC2=O)cccc1)C1(CCCCC1)C#N,4.5951662
OC(C(NC(=O)C(NC(=O)C(NC(=O)C)CC(C)C)C)CC(C)C)CC(C(=O)NCCCC)C,6.920818799999998
O=C1N(C)C(=NC(C1)(C)C1CC1c1cc(ccc1)-c1cc(NC(=O)C)ccc1)N,4.779892
OC(C(NC(=O)c1c2cccnc2n(c1)C(=O)N(CCCC)C)Cc1ccccc1)C[NH2+]C1CC1,4.0
O=C(NC1CC1)c1ccc(cc1)-c1n(Cc2nc(N)ccc2)c(cc1)-c1ccccc1,5.920818799999998
S(=O)(=O)(N(C)c1cc2cc(c1)C(=O)NCCCCCOCC(NC2=O)C(O)C[NH2+]Cc1ccccc1)C,5.2757239
S1(=O)(=O)CC(Cc2cc3c([nH]cc3CC)cc2)C(O)C([NH2+]Cc2cc(ccc2)C(C)(C)C)C1,6.6989698
S1CCC(=NC1(C)c1cc(ccc1)-c1cc(OC)ccc1)N,6.2006593
O(C)c1nccc(c1)-c1ccc(cc1)C1CC1C=1N=C(N)N(C)C(=O)C=1,3.9355421
O1CC(N=C1N)(c1cc(ccc1)-c1cccnc1)c1ccc(OC)cc1,5.1272612
s1cc(cc1)-c1cc(ccc1)C1CC1C1(N=C(N)N(C)C(=O)C1)C,5.124939
S1CC(=NC1(C)c1cc(ccc1)-c1cc(OC)ccc1)N,5.1023731
O1c2ncc(cc2C([NH2+]CC(O)C(NC(=O)COC)Cc2cc3OCOc3cc2)CC12CCC2)CC(C)(C)C,8.2676058
S1(=O)(=O)C[C@@H](Cc2cc(C[C@@H]3N(CCC)C(OC3)=O)c(O)cc2)[C@H](O)[C@@H]([NH2+]Cc2cc(ccc2)C(C)C)C1,6.823908800000001
S(=O)(=O)(N(C)c1cc2cc(c1)C(=O)NCC\C=C\COCC(NC2=O)C(O)C[NH2+]Cc1cc(ccc1)C(C)C)C,7.8538717999999985
O=C1N(C)C(=NC(=C1)CCc1ccccc1)N,3.7670038
s1c2OC(C[C@H]([NH2+]C[C@@H](O)[C@@H](NC(=O)C)Cc3ccccc3)c2cc1CC(C)(C)C)(C)C,8.0705814
Oc1ccc(cc1-c1cc(cnc1)C#CC)C1(N=C(C)C(=N1)N)C1CC1,7.2146702
O=C1N(C)C(=NC1(c1ccccc1)c1ccccc1)N,5.4685210999999985
O1CCC(=NC1(C)c1cc(ccc1)-c1cc(OC)ccc1)N,5.0
s1cc(cc1)-c1cc2c(nc(N)cc2)cc1,4.4111680999999985
O(C)c1c(cc(cc1C)[C@@]1(N=C(C)C(=N1)N)c1cc(ccc1)-c1cncnc1)C,5.8239088
O1C2COCCC2(N=C1N)c1cc(ccc1)-c1cc(ccc1)C#N,4.3334818
O=C1N(CC2CCC(CC2)C(=O)[O-])C(=NC1(C1CCCCC1)c1ccccc1)N,6.4089355
O=C1NC(=NC(=C1)CCC)N,2.6989701
O(C)c1ccc(cc1)[C@@]1([NH+]=C(N)CC1)c1cc(ccc1)-c1cncnc1,5.1023731
O=C(N1CCC(CC1)c1ccccc1)C1C[NH2+]CC1c1ccccc1,4.7212462
o1cccc1C(=O)Nc1cc(ccc1)C1(N=C(N)N(C)C1=O)C1CCCCC1,7.0
Oc1ccc(cc1)CC[NH3+],2.6989701
s1cc(nc1N)C(Cc1cc([N+](=O)[O-])ccc1OC)c1ccc(OC)cc1,5.9586072
S1CC(N=C1N)(C)c1cc(NC(=O)c2ncccc2)ccc1,5.0467238
O=C1N(C)C(=NC(C1)(CCc1cc(ccc1)-c1ccccc1)C)N,5.886056900000002
O=C1N(CCC1)c1cc(ccc1)C(=O)NC(Cc1ccccc1)C(O)C[NH2+]C(C(=O)NC1CCCCC1)C,5.2757239
OC(C(NC(=O)C1CC(CCC1)C(NC(=O)CC)(C)C)Cc1ccccc1)C[NH2+]Cc1cc(ccc1)C(C)C,6.2365718
S(CCC(NC(=O)C(NC(=O)C)C)C(=O)NC(C(O)CC(C(=O)NCCCC)C)CC(C)C)C,5.3979402
O(C)c1ccc(cc1)Cc1cc(ccc1)[C@]1([NH+]=C(N2C1=NCCC2)N)c1ccccc1,5.1487417
OC(C(NC(=O)C1CC(CCC1)C(NC(=O)C)(C)C)Cc1ccccc1)C[NH2+]Cc1cc(ccc1)C(C)C,5.3767509
O(C)c1cc(ccc1)-c1cc(ccc1)C1(N=C(C)C(=N1)N)C,5.4559321
[NH+]=1[C@@](C=2N(CCCN=2)C=1N)(c1cc(ccc1)Cc1ccccc1)c1ccccc1,5.2757239
O(Cc1ncccc1)c1ccc(cc1CNc1cccnc1N)-c1cc2[nH]ccc2cc1,5.3767509
S1(=O)(=O)CC(Cc2cc3c([nH]nc3)cc2)C(O)C([NH2+]Cc2cc(ccc2)C(C)(C)C)C1,5.8386321
O=C1N(C)C(=NC(=C1)CCc1cc(ccc1)-c1ccccc1)N,5.1870866
s1cc(nc1N)C(Cc1ccccc1)c1ccc(OC)cc1,4.4948502
S(C)c1cc(ccc1)-c1ccc(cc1)C1CC1C=1N=C(N)N(C)C(=O)C=1,4.8268137000000015
O1c2ncc(cc2C([NH2+]CC(O)C(NC(=O)C)Cc2ccccc2)CC12CCC2)CC,7.0409584
O=C([O-])C(NC1=NC(Cc2c1ccc(c2)C)(C)C)Cc1ccccc1,5.2668028
O1c2ncc(cc2C([NH2+]CC(O)C(NC(=O)C)Cc2ccccc2)CC12CCC2)CC(C)(C)C,8.2365723
O1Cc2cc(cc(c2)C(=O)N[C@H](CCc2cc(C[C@]([NH3+])(C)C1=O)ccc2)c1ccccc1)-c1ccccc1C#N,7.5686364
S1(Oc2cc(cc3c2n(cc3CC)CC1)C(=O)NC([C@H](O)C[NH2+]CC1CCOCC1)Cc1ccccc1)(=O)=O,7.0655017
O1CC[NH+](CC1)CC(O)COc1cc(ccc1C)C,2.6989701
S1(=O)(=O)N(c2cc(cc3n(cc(CC1)c23)CC)C(=O)NC([C@H](O)C[NH2+]CC#C)Cc1ccccc1)C,7.9586072
O1CCCCOc2nc(cc(c2)C(=O)NC(Cc2cc1ccc2)C(O)C[NH2+]C1(CC1)c1cc(ccc1)C(C)C)C,7.769551299999999
[NH+]=1C(C=2N(CCCN=2)C=1N)(c1ccccc1)c1ccccc1,4.4202166
O=C1N(C)C(=[NH2+])NC1(c1cc(ccc1)-c1cccnc1)c1ccccc1,6.2757239
O=C1N(C)C(=N[C@@]1(C12CC3CC(C1)CC(C2)C3)c1ccccc1)N,5.8153086
O1C2CCCCC2(N=C1N)c1cc(ccc1)-c1cc(OC)ccc1,4.4202166
O(C)c1ccc(cc1CC)C1(N=C(N)N(C)C1=O)C12CC3CC(C1)CC(C2)C3,6.5528421
O(C(C)C)c1cc(ccc1)-c1ccc(cc1)C1CC1C=1N=C(N)N(C)C(=O)C=1,4.2676063
O=C1N(C)C(=NC(=C1)C1CC1c1ccc(cc1)-c1ccccc1)N,4.5917602
O=C1N(C)C(=NC(=C1)C1CC1c1ccc(cc1)-c1ccccc1C)N,4.4045038
S1(=O)(=O)N(c2cc(cc3c2n(cc3CC)CC1)C(=O)NC(Cc1ccccc1)C(O)C[NH2+]C1CCOCC1)C,7.823908800000001
O=C1N(CCC1)c1cc(cc(NCC)c1)C(=O)N[C@H]([C@H](O)C[NH2+]C1CCCCC1)Cc1ccccc1,6.7447276
O1CCC(CC1)C1(N=C(C)C(=N1)N)c1cc(ccc1)-c1cc(OC)ccc1,5.5228785999999985
S1CCC(=NC1(C)c1cc(ccc1)-c1cncnc1)N,6.0
O=C1N(CCCCCC(=O)[O-])C(=NC1(C1CCCCC1)c1ccccc1)N,6.0222764
O=C(NCCC)c1ccc(cc1)-c1n(Cc2nc(N)ccc2)c(cc1)-c1ccccc1,5.5228785999999985
O1C2CCCCC2(N=C1N)c1cc(NC(=O)c2ncccc2)ccc1,3.6989701
S1(=O)(=O)CC(Cc2cc(OCCC)ccc2)C(O)C([NH2+]Cc2cc(ccc2)C(C)C)C1,5.6382723
s1cc(cc1)-c1cc(ccc1)C1(N=C(N)N(C)C1=O)c1ccncc1,6.6197886
S1(=O)(=O)N(c2cc(cc3n(cc(CC1)c23)CC)C(=O)NC([C@H](O)CNc1ccccc1)Cc1ccccc1)C,8.3010302
O1C2COCCC2(N=C1N)c1cc(NC(=O)c2ncccc2)ccc1,3.6989701
OC(C(NC(=O)C1CC(CCC1)C1(NC(=O)C)CCCC1)Cc1ccccc1)CC(C(=O)NCCCC)C,5.5686364
O=C1N(Cc2ccc(cc2)CNC(=O)NCCCC)C(NC1(CC1CCCCC1)CC1CCCCC1)=N,5.677780599999998
O=C1N(C)C(=NC1(c1cc(ccc1)-c1nccnc1)c1ccncc1)N,7.154902000000001
s1cc(cc1)C[C@H](NC(=O)c1cc(nc(NC[C@H]2C[C@@H]2C)c1)N(S(=O)(=O)C)C)[C@@H]([NH3+])CCCC,7.9586072
S1(=O)(=O)CC(Cc2cc(CC)c(O)cc2)C(O)C([NH2+]Cc2cc(ccc2)C(C)C)C1,6.4317985
O(C)c1c(cc(cc1C)[C@@]1([NH+]=C(N)C(=N1)C)c1cc(ccc1)-c1cncnc1)C,7.920818799999998
s1c(ccc1C)-c1ccc(cc1)C1CC1C=1N=C(N)N(C)C(=O)C=1,3.782516
O1c2cc(ccc2OC1)C(=O)N[C@@H](Cc1ccccc1)C(=O)N[C@H]([C@@H](O)C[C@H](C(=O)NCC(C)C)C)CC(C)C,5.0931263
O(C)c1cc(ccc1)-c1cc(ccc1)C1(N=C(N)N(C)C1=O)c1ccncc1,7.5228785999999985
O=C1N(C)C(=NC1(c1cc(nc(c1)C)C(C)C)c1cc(ccc1)-c1cncnc1)N,6.5228785999999985
n1cccc(NCc2ccccc2)c1N,3.5086384
O1[C@@H]2COCC[C@@]2(N=C1N)c1cc(ccc1)-c1cncnc1,4.0030508000000005
O1c2c(cc(cc2)-c2cc(OC(C)C)ccc2)C2(N=C(N)N(C)C2=O)CC1(C)C,5.5430269
O1CC2(N=C1N)CC(Cc1c2cc(cc1)-c1cncnc1)(C)C,5.8703103
O=C1N(C)C(=NC1(c1cc(ccc1)-c1cncnc1)c1cn(nc1)CC(C)C)N,7.5228785999999985
O1CCC(CC1)CNC(=O)C(Cc1cc2cc(ccc2nc1N)-c1ccccc1C)C,8.0
O(C)c1ccc(cc1C)C1(N=C(N)N(C)C1=O)c1cc(-c2cccnc2)c(cc1)C,6.8860564
[nH]1c2cc(ccc2cc1)-c1cc(ccc1)CNc1cccnc1N,5.0409584
O=C1N(C)C(=N[C@]1(C1CCCCC1)c1cc(NC(=O)COC)ccc1)N,6.677780599999998
O=C1N(C)C(=NC(=C1)C1CC1c1ccc(cc1)-c1cc(ccc1)CCO)N,4.610834099999999
O1c2c(cc(cc2)-c2cc(ccc2)C#N)[C@]2(N=C(N)N(C)C2=O)CC1(C)C,7.0268722000000015
S1(=O)(=O)N(c2c(CCC1)c(NCC)cc(c2)C(=O)NC(Cc1ccccc1)C(O)C[NH2+]C1CC1)C,6.823908800000001
O=C1N(C)C(=NC1(c1cc(ccc1)-c1cc(ccc1)C#N)c1ccncc1)N,7.3979402
S(C)c1cc(ccc1)-c1cc2c(OC(CC23N=C(N)N(C)C3=O)(C)C)cc1,6.463441400000002
O=C1N(C)C(=NC(=C1)C1CC1c1ccc(cc1)-c1ccc(cc1)C)N,3.924453
O=C1N(C)C(=NC(C1)(C)[C@H]1C[C@@H]1c1ccccc1)N,3.879426
Oc1ccc(cc1-c1nccc(c1)C#CC)C1(N=C(C)C(=N1)N)C1CC1,6.886056900000002
O(C)c1cc(cnc1)-c1cc(ccc1)CNc1cccnc1N,4.3979402
O1c2ncc(cc2C([NH2+]CC(O)C(NC(=O)C(C)C)Cc2cc3OCOc3cc2)CC12CCC2)CC(C)(C)C,6.841637599999999
O(C)c1cc(ccc1)C[NH2+]CC(O)C(NC(=O)c1c2c(n(c1)C(=O)N(CC)CC)cccc2)Cc1ccccc1,5.8239088
O=C1N(C)C(=NC(=C1)C1CC1c1ccc(cc1)-c1cc(ccc1)CC)N,4.6345119000000015
n1cccc(NCc2cc(ccc2)-c2cccnc2)c1N,4.0
O=C1N(Cc2ccc(cc2)CNC(=O)NCCCC)C(NC1(CCC1CCCCC1)CC(C)C)=N,5.5228785999999985
S(=O)(=O)(Nc1cc(Nc2ncnc(c2)-c2ccccc2)ccc1C)C,4.6197886
O=C(N1CCC(CC1)c1ccccc1)C1C[NH2+]CC12CCCc1c2cccc1,5.3979402
O=C(NCC)c1ccc(cc1)-c1n(Cc2nc(N)ccc2)c(cc1)-c1ccccc1,5.6478176
S1(Oc2cc(cc3c2n(cc3CC)CC1)C(=O)NC([C@H](O)C[NH2+]C1CC1)Cc1ccccc1)(=O)=O,6.6020598
O=C1N[C@@H](C[C@@H](CCCCCCCC(=O)N[C@H]1C)C)[C@@H](O)C[C@H](C(=O)NCCCC)C,6.229147900000001
O(C(C)C)C(=O)CN1C(C)=C(C(=O)C)[C@@H](C)C(C(=O)N[C@H]([C@H](O)C[NH2+]C2CC2)Cc2ccccc2)=C1C,4.533132599999999
O(C)c1ccc(cc1)C1(N=C(n2nc(cc12)C)N)c1cc(ccc1)-c1cncnc1,6.4948502
O1c2c(cc(OCC(C)C)cc2)C2(N=C(N)N(C)C2=O)CC1(C)C,6.365522900000001
S1CC[C@@](N=C1N)(C)c1ccc(OC)cc1,4.3851027
S(CC[C@H](NC(=O)[C@@H](NC(=O)C)CC(C)C)C(=O)N[C@H]([C@@H](O)C[C@H](C(=O)NCCCC)C)CC(C)C)C,7.2757239
s1cc(cc1)[C@@]1(N=C(N)N(C)C1=O)c1cc(ccc1)-c1cccnc1,7.2218490000000015
O=C1N(C)C(=NC1(c1cc(ccc1)-c1ccccc1)c1ccncc1)N,6.8860564
O=C(NC1CCC1)c1ccc(cc1)-c1n(Cc2nc(N)ccc2)c(cc1)-c1ccccc1,5.4685210999999985
O1c2c(cc(cc2)CC)[C@@H]([NH2+]C[C@@H](O)[C@H]2NC(=O)CCCCCCc3cc(C2)ccc3)CC12CCC2,7.769551299999999
O(C)c1ccc(cc1)C1(N=C(C)C(=N1)N)c1cc(ccc1)-c1cccnc1,6.4814858
n1c2c(cc(cc2)-c2ccccc2C#CC(C)(C)C)ccc1N,5.2146702000000005
O=C(NCc1nccnc1)C(Cc1cc2cc(ccc2nc1N)-c1ccccc1C)C,7.3010302
O(C)c1cc(ccc1)-c1cc(ccc1)C1(N=C(N)CN1C(=O)C)C,4.6989698
O(CCC)c1cc(ccc1)-c1cc(ccc1)C1CC1C1(N=C(N)N(C)C(=O)C1)C,5.0757208
Oc1ccc(cc1C1CCCCC1)CC[NH3+],3.6575773
S1(=O)(=O)CC(Cc2cc(CCC)c(O)cc2)C(O)C([NH2+]Cc2cc(ccc2)C(C)C)C1,6.7212462
O=C(NCC1CCCCC1)C(Cc1cc2cc(ccc2nc1N)-c1ccccc1C)CC,7.7958798
O(C)c1ccc(cc1)C1(N=C(N)N(C)C1=O)C12CC3CC(C1)CC(C2)C3,7.154902000000001
O(C)c1ccc(cc1C)C1(N=C(N)N(C)C1=O)c1cc(-c2cccnc2)c(cc1)C#N,6.2006593
S1(=O)(=O)N(CCCC1)c1cc(cc(NCC)c1)C(=O)NC(Cc1ccccc1)C(O)C[NH2+]C1CC1,6.920818799999998
S1(=O)(=O)N(c2cc(cc3c2n(cc3CC)CC1)C(=O)NC(Cc1ccccc1)C(O)C[NH2+]C)C,7.823908800000001
O=C(NC1CCCCC1)CCc1cc2cc(ccc2nc1N)-c1ccccc1C,7.1307683000000015
S1(=O)(=O)CC(Cc2cc(Cc3cc(ccc3)C)c(O)cc2)C(O)C([NH2+]Cc2cc(ccc2)C(C)C)C1,5.2076082
O=C1N(C)C(=N[C@@]1(c1cc(ccc1)-c1cncnc1)c1cn(nc1)CC)N,7.09691
O1CC(NC(=O)c2cc(cc(c2)C(=O)NCC\C=C\C1)C)C(O)C[NH2+]Cc1cc(ccc1)C(C)C,6.3010302000000005
O1c2c(cc(cc2)-c2ncccc2)C2(N=C(N)N(C)C2=O)CC1(C)C,5.6265364
O(C)c1cc(ccc1OC)C1(N=C(N)N(C)C1=O)C12CC3CC(C1)CC(C2)C3,6.5686364
S1(=O)(=O)N(c2cc(cc3c2n(cc3CC)C1)C(=O)NC(Cc1ccccc1)C(O)C[NH2+]C1CCCCC1)C,7.2218490000000015
O1c2ncccc2C([NH2+]CC(O)C(NC(=O)C)Cc2ccccc2)CC12CCC2,5.2773662
s1cc(cc1C12N=C(N)N(C)C(=O)C1CN(C2)c1ncccc1C#N)-c1cc(ccc1)C#N,8.2218485
S1c2c(cc(cc2)-c2cc(ccc2)C#N)C2(N=C(N)N(C)C2=O)CC1(C)C,7.3279023
O(CC1CC1)c1cc(ccc1)-c1ccc(cc1)C1CC1C=1N=C(N)N(C)C(=O)C=1,4.4672456
O=C1N(Cc2ccc(cc2)CN2C[C@@H](NC2=O)CCC)C(N[C@@]1(CC1CCCCC1)CCC1CCCCC1)=N,7.5686364
O=C1N(C)C(=NC(C1)(C)C1CC1c1cc(ccc1)-c1cc(ccc1)CO)N,4.6819367
O=C1N(C)C(=[NH2+])NC1(c1ccccc1)c1ccccc1,5.4436975
s1cc(cc1C)C1(N=C(N)N(C)C1=O)c1cc(ccc1)-c1cncnc1,6.8538717999999985
O1CCCCNc2cc(cc(c2)C(=O)NC(Cc2cc1ccc2)C(O)C[NH2+]Cc1cc(ccc1)C(C)C)COC,7.2218490000000015
O=C(NCc1ccccc1)C(Cc1cc2cc(ccc2nc1N)-c1ccccc1C)C,7.6989698
O1CCCCOc2nc(cc(c2)C(=O)NC(Cc2cc1ccc2)C(O)C[NH2+]C(C)c1cc(ccc1)C(C)C)C,7.080922099999999
O(C)c1ccc(cc1)C1(N=C(C(C)C)C(=N1)N)c1cc(ccc1)-c1cncnc1,5.677780599999998
O=C1N(C)C(=NC1(c1cc(ccc1)-c1cncnc1)c1cn(nc1)CCC(C)C)N,7.5228785999999985
O1c2cc(ccc2OC1)C1(N=C(N)N(C)C1=O)c1cc(ccc1)-c1cccnc1,6.6020598
O(C)c1ccc(cc1)C1(N=C(N)CC1)c1cc(ccc1)-c1cncnc1,5.1023731
n1c2c(ccc1N)cccc2,3.0
S1(=O)(=O)CC(Cc2cc(CCO)c(O)cc2)C(O)C([NH2+]Cc2cc(ccc2)C(C)C)C1,6.004365
O=C1N(C)C(=NC1(C1CCCCC1)c1ccccc1)N,6.004365
O(C)c1cc(ccc1)-c1cc(ccc1)CCC=1N=C(N)N(C)C(=O)C=1,5.3767509
n1cc(cnc1)-c1cc(ccc1)C1(N=C(C)C(=N1)N)Cc1ccccc1,5.5850267
O(C(=O)C1=CN(C=C(C(=O)N[C@H]([C@H](O)C[NH2+]C2CC2)Cc2ccccc2)[C@@H]1C)CC(OC(C)C)=O)C(C)(C)C,4.4962091
O1C[C@@]2(N=C1N)c1cc(ccc1Oc1c2cc(OC)cc1)-c1cncnc1,4.9829664000000005
s1c2c(nc1C)C(=NC2(c1cc(ccc1)-c1cncnc1)c1ccc(OC)cc1)N,6.2006593
O=C1N(CC[C@]12[N@H+](CCC2)CCC)[C@H](C(=O)N[C@H]([C@H](O)C[NH2+]Cc1cc(ccc1)C(C)C)Cc1ccccc1)C,7.259637400000001
O(C)c1cc(ccc1)CN1CC(NC1=O)C(=O)NC(Cc1ccccc1)C(O)C[NH2+]Cc1cc(N(C)C)ccc1,6.3477535000000005
S1(=O)(=O)N(c2cc(cc3c2n(cc3CC)CC1)C(=O)NC(Cc1ccccc1)C(O)C[NH2+]C1CC1)C,7.6989698
S1(=O)(=O)Nc2cc(cc3c2n(cc3CC)CCC1)C(=O)NC(Cc1ccccc1)C(O)C[NH2+]C1CC1,6.309804
O=C(NCCC(C)(C)C)C(Cc1cc2cc(ccc2nc1N)-c1ncccc1C#N)C,6.4089355
O=C1N(CCC1)c1cc(cc(NCC)c1)C(=O)N[C@H]([C@H](O)C[NH2+]C(CCCC(C)C)(C)C)Cc1ccccc1,7.481485799999999
O=C1N(C)C(=N[C@@]1(c1cc(ccc1)-c1cccnc1)c1ccncc1)N,7.2218490000000015
s1ccnc1-c1cc(ccc1)CC(NC(=O)CC)C(O)C[NH2+]C1CC2(Oc3ncc(cc13)CC(C)(C)C)CCC2,7.9586072
O1CC[C@@H](NC(=O)[C@@H](Cc2cc3cc(ccc3nc2N)-c2ccccc2C)C)CC1(C)C,9.1549015
O(CC)c1cc(ccc1)-c1ccc(cc1)C1CC1C=1N=C(N)N(C)C(=O)C=1,4.9913998
O=C1N(CCCCCC)C(=NC1(C1CCCCC1)c1ccccc1)N,5.856985099999998
O=C1Nc2c(cccc2)[C@]12C[C@@H]([NH2+]C2)C(OCc1ccccc1)=O,4.067019
O=C1N(C)C(=NC(C1)(C)C1CC1c1cc(ccc1)-c1ccccc1)N,5.031517
O=C1N(C)C(=NC1(C1CCCCC1)c1cc(NC(=O)c2n(ccc2)C)ccc1)N,6.0655017
O=C1N(C)C(=NC1(c1cc(ccc1)-c1cncnc1)c1cn(nc1)C1CCCC1)N,7.154902000000001
O=C(N1CC[C@H](C[C@H]1c1ccccc1)c1ccccc1)[C@@H]1C[NH2+]C[C@]12CCCc1c2cccc1,6.823908800000001
Oc1ccc(cc1CC)CC[NH3+],3.1804562
S(=O)(=O)(N(c1cc(ccc1)C(=O)NC(Cc1ccccc1)C(O)C[NH2+]C1CCCCC1)c1ccccc1)C,6.614393700000001
O1c2c(cc(cc2)-c2cc(OCC)ccc2)C2(N=C(N)N(C)C2=O)CC1(C)C,7.154902000000001
O(C)c1ccc(cc1C1CCCC1)C1(N=C(N)N(C)C1=O)c1cc(ccc1)-c1cccnc1,6.920818799999998
O(C)c1ccc(cc1C)[C@]1(N=C(N)N(C)C1=O)C12CC3CC(C1)CC(C2)C3,4.3467875
S1(=O)(=O)CC(Cc2cc(ccc2)COCCC)C(O)C([NH2+]Cc2cc(ccc2)C(C)C)C1,5.9586072
S1(=O)(=O)CC(Cc2ccccc2)C(O)C([NH2+]Cc2cc(ccc2)C(C)(C)C)C1,5.7904849
S1(=O)(=O)CC(Cc2ccccc2)C(O)C([NH2+]Cc2cc(ccc2)C(C)C)C1,5.9586072
O=C1N(C)C(=NC(=C1)C1CC1c1cc(ccc1)-c1ccccc1)N,2.7332981
S1(=O)(=O)CC(Cc2cc3c([nH]cc3)cc2)C(O)C([NH2+]Cc2cc(ccc2)C(C)(C)C)C1,5.5606675
s1cc(cc1C(=O)CC)C1(N=C(N)N(C)C1=O)c1cc(ccc1)-c1cncnc1,7.823908800000001
O=C1N(C)C(=NC1(c1ccccc1)c1ccncc1)N,5.5718651
S1C[C@H](NC(=O)[C@@H](NC(=O)[C@@H]2[NH2+]CCC[C@@H]2SC\C=C\C1)C)[C@@H](O)C[C@H](C(=O)NCCCC)C,6.7212462
s1cc(cc1-c1ccc(cc1)C1CC1C=1N=C(N)N(C)C(=O)C=1)C,4.294992
O=C(NC(=[NH2+])N)Cn1c(ccc1-c1ccccc1)-c1ccccc1,5.4317985
s1ccnc1-c1cc(ccc1)CC(NC(=O)C)C(O)C[NH2+]C1CC2(Oc3ncc(cc13)CC(C)(C)C)CCC2,8.431797999999999
S(CC)c1cc(ccc1)-c1ccc(cc1)C1CC1C=1N=C(N)N(C)C(=O)C=1,5.0409584
O=C1N(C)C(=NC(=C1)C1CC1c1ccc(cc1)-c1cc(ccc1)CCC)N,4.9586072
O1c2c(cc(cc2)C2CCCCC2)C2(N=C(N)N(C)C2=O)CC1(C)C,6.5559554
O(CCCC)c1ccc(cc1)C1(N=C(N)N(C)C1=O)C12CC3CC(C1)CC(C2)C3,6.0604806
s1cc(cc1)C1(N=C(N)N(C)C1=O)c1cc(ccc1)-c1cncnc1,7.154902000000001
O1c2c(cc(cc2)-c2ccccc2OC)C2(N=C(N)N(C)C2=O)CC1(C)C,5.7695513
O(c1cc(ccc1OC)C1(N=C(N)N(C)C1=O)c1cc(ccc1)-c1cccnc1)C1CCCC1,7.154902000000001
O=C(NCc1cccnc1)C(Cc1cc2cc(ccc2nc1N)-c1ccccc1C)C,7.0555172000000015
S1(=O)(=O)N(c2cc(cc3c2n(cc3CC)CC1)C(=O)N[C@H]([C@H](O)C[NH2+]C1CCOCC1)Cc1ccccc1)CC,8.3010302
[NH+]=1[C@](N=C(c2ccccc2)C=1N)(C)c1cc(ccc1)-c1cccnc1,4.0
n1c(cccc1N)Cn1c(ccc1-c1ccccc1)-c1ccccc1,5.283996599999999
O=C1N(C)C(=N[C@]1(c1cc(nc(c1)C)C)c1cc(ccc1)-c1cncnc1)N,6.8538717999999985
S1(=O)(=O)N(CCCC1)c1cc(cc(NCC)c1)C(=O)NC(Cc1ccccc1)C(O)C[NH2+]C1CCOCC1,7.0409584
O1c2c(cc(cc2)-c2cccnc2)C2(N=C(N)N(C)C2=O)CC1(C)C,6.9469213000000005
